Date,Electricity Direct Use,"Electricity End Use, Total",Electricity Exports,Electricity Imports,"Electricity Net Generation, Commercial Sector","Electricity Net Generation, Electric Power Sector","Electricity Net Generation, Industrial Sector","Electricity Net Generation, Total",Electricity Net Imports,"Electricity Retail Sales, Total",Transmission and Distribution Losses and Unaccounted for
1973-01,,144.505,.218,1.431,,159.913,.305,160.218,1.213,144.505,16.925
1973-02,,139.546,.197,1.292,,143.257,.282,143.539,1.095,139.546,5.088
1973-03,,137.102,.218,1.431,,147.847,.312,148.158,1.213,137.102,12.269
1973-04,,131.366,.211,1.385,,139.292,.298,139.589,1.174,131.366,9.397
1973-05,,131.361,.218,1.431,,147.088,.307,147.395,1.213,131.361,17.247
1973-06,,140.293,.211,1.385,,160.945,.298,161.244,1.174,140.293,22.124
1973-07,,152.562,.218,1.431,,173.467,.266,173.733,1.213,152.562,22.383
1973-08,,157.481,.218,1.431,,177.109,.257,177.365,1.213,157.481,21.097
1973-09,,157.31,.211,1.385,,156.651,.224,156.875,1.174,157.31,.739
1973-10,,146.042,.218,1.431,,153.954,.244,154.197,1.213,146.042,9.368
1973-11,,138.142,.211,1.385,,147.881,.257,148.138,1.174,138.142,11.169
1973-12,,137.199,.218,1.431,,153.307,.298,153.605,1.213,137.199,17.618
1974-01,,143.986,.232,1.31,,157.254,.301,157.555,1.078,143.986,14.647
1974-02,,136.737,.209,1.183,,142.474,.274,142.748,.974,136.737,6.985
1974-03,,135.952,.232,1.31,,150.048,.294,150.342,1.078,135.952,15.468
1974-04,,133.007,.224,1.267,,142.021,.291,142.312,1.043,133.007,10.348
1974-05,,133.077,.232,1.31,,153.513,.3,153.813,1.078,133.077,21.814
1974-06,,141.931,.224,1.267,,156.161,.279,156.44,1.043,141.931,15.552
1974-07,,151.511,.232,1.31,,177.992,.255,178.247,1.078,151.511,27.814
1974-08,,158.112,.232,1.31,,173.879,.24,174.119,1.078,158.112,17.085
1974-09,,153.619,.224,1.267,,152.239,.229,152.467,1.043,153.619,-.108
1974-10,,141.355,.232,1.31,,151.978,.217,152.196,1.078,141.355,11.919
1974-11,,135.784,.224,1.267,,149.844,.227,150.071,1.043,135.784,15.33
1974-12,,140.852,.232,1.31,,159.737,.272,160.009,1.078,140.852,20.235
1975-01,,149.394,.432,.957,,164.325,.298,164.623,.525,149.394,15.754
1975-02,,142.973,.39,.864,,147.084,.265,147.349,.474,142.973,4.85
1975-03,,140.749,.432,.957,,155.481,.279,155.76,.525,140.749,15.536
1975-04,,135.833,.418,.926,,146.217,.278,146.495,.508,135.833,11.17
1975-05,,133.568,.432,.957,,153.231,.3,153.531,.525,133.568,20.488
1975-06,,142.996,.418,.926,,162.442,.275,162.717,.508,142.996,20.23
1975-07,,154.204,.432,.957,,176.816,.241,177.057,.525,154.204,23.378
1975-08,,160.902,.432,.957,,179.714,.217,179.931,.525,160.902,19.554
1975-09,,157.741,.418,.926,,155.223,.218,155.441,.508,157.741,-1.792
1975-10,,141.818,.432,.957,,154.949,.239,155.188,.525,141.818,13.895
1975-11,,139.26,.418,.926,,152.795,.24,153.035,.508,139.26,14.284
1975-12,,147.653,.432,.957,,169.372,.256,169.628,.525,147.653,22.501
1976-01,,160.539,.201,.931,,178.329,.28,178.609,.729,160.539,18.799
1976-02,,153.549,.188,.871,,156.684,.282,156.966,.682,153.549,4.099
1976-03,,147.465,.201,.931,,164.174,.292,164.467,.729,147.465,17.731
1976-04,,142.31,.195,.901,,153.167,.3,153.467,.706,142.31,11.863
1976-05,,141.804,.201,.931,,157.37,.294,157.664,.729,141.804,16.59
1976-06,,149.039,.195,.901,,173.392,.282,173.674,.706,149.039,25.341
1976-07,,163.006,.201,.931,,186.434,.257,186.691,.729,163.006,24.414
1976-08,,168.631,.201,.931,,186.403,.235,186.639,.729,168.631,18.737
1976-09,,164.412,.195,.901,,165.035,.202,165.237,.706,164.412,1.531
1976-10,,150.985,.201,.931,,163.746,.263,164.009,.729,150.985,13.754
1976-11,,150.741,.195,.901,,169.085,.262,169.346,.706,150.741,19.311
1976-12,,162.766,.201,.931,,183.877,.267,184.144,.729,162.766,22.107
1977-01,,172.351,.233,1.712,,196.372,.293,196.665,1.479,172.351,25.793
1977-02,,165.298,.21,1.546,,162.734,.215,162.949,1.336,165.298,-1.013
1977-03,,156.204,.233,1.712,,169.157,.281,169.437,1.479,156.204,14.712
1977-04,,147.926,.226,1.657,,156.853,.264,157.117,1.431,147.926,10.622
1977-05,,148.602,.233,1.712,,169.332,.265,169.596,1.479,148.602,22.474
1977-06,,159.294,.226,1.657,,180.787,.244,181.031,1.431,159.294,23.169
1977-07,,174.998,.233,1.712,,198.93,.238,199.168,1.479,174.998,25.649
1977-08,,178.59,.233,1.712,,196.126,.237,196.363,1.479,178.59,19.252
1977-09,,172.262,.226,1.657,,176.265,.233,176.498,1.431,172.262,5.667
1977-10,,159.348,.233,1.712,,166.402,.244,166.645,1.479,159.348,8.776
1977-11,,151.312,.226,1.657,,167.099,.289,167.388,1.431,151.312,17.507
1977-12,,162.175,.233,1.712,,184.267,.322,184.589,1.479,162.175,23.893
1978-01,,176.649,.126,1.801,,197.835,.272,198.108,1.676,176.649,23.134
1978-02,,169.927,.113,1.627,,173.504,.241,173.746,1.514,169.927,5.332
1978-03,,163.406,.126,1.801,,173.193,.268,173.461,1.676,163.406,11.731
1978-04,,150.385,.121,1.743,,159.738,.275,160.013,1.622,150.385,11.25
1978-05,,151.504,.126,1.801,,175.236,.312,175.549,1.676,151.504,25.72
1978-06,,165.519,.121,1.743,,188.312,.273,188.585,1.622,165.519,24.688
1978-07,,179.114,.126,1.801,,202.682,.266,202.947,1.676,179.114,25.509
1978-08,,184.223,.126,1.801,,206.418,.241,206.659,1.676,184.223,24.111
1978-09,,182.638,.121,1.743,,185.572,.23,185.802,1.622,182.638,4.786
1978-10,,166.722,.126,1.801,,175.802,.212,176.013,1.676,166.722,10.967
1978-11,,159.126,.121,1.743,,176.172,.217,176.389,1.622,159.126,18.885
1978-12,,168.709,.126,1.801,,191.865,.24,192.105,1.676,168.709,25.072
1979-01,,185.387,.185,1.912,,209.692,.295,209.987,1.727,185.387,26.327
1979-02,,181.515,.167,1.727,,186.337,.25,186.587,1.56,181.515,6.632
1979-03,,173.249,.185,1.912,,182.849,.305,183.154,1.727,173.249,11.632
1979-04,,161.557,.179,1.851,,169.962,.299,170.26,1.671,161.557,10.375
1979-05,,159.551,.185,1.912,,178.069,.341,178.409,1.727,159.551,20.585
1979-06,,166.86,.179,1.851,,186.682,.294,186.976,1.671,166.86,21.788
1979-07,,178.339,.185,1.912,,202.255,.268,202.522,1.727,178.339,25.911
1979-08,,187.309,.185,1.912,,204.85,.25,205.101,1.727,187.309,19.519
1979-09,,179.64,.179,1.851,,180.751,.223,180.975,1.671,179.64,3.006
1979-10,,165.948,.185,1.912,,179.716,.237,179.953,1.727,165.948,15.732
1979-11,,162.271,.179,1.851,,177.506,.263,177.77,1.671,162.271,17.17
1979-12,,169.473,.185,1.912,,188.703,.268,188.97,1.727,169.473,21.224
1980-01,,179.585,.347,2.119,,200.005,.292,200.296,1.772,179.585,22.484
1980-02,,178.721,.325,1.983,,188.715,.246,188.961,1.658,178.721,11.898
1980-03,,174.373,.347,2.119,,187.464,.281,187.745,1.772,174.373,15.144
1980-04,,161.701,.336,2.051,,168.72,.297,169.017,1.715,161.701,9.031
1980-05,,154.851,.347,2.119,,175.734,.333,176.066,1.772,154.851,22.988
1980-06,,164.872,.336,2.051,,189.43,.319,189.748,1.715,164.872,26.592
1980-07,,185.882,.347,2.119,,216.776,.281,217.058,1.772,185.882,32.948
1980-08,,196.464,.347,2.119,,215.393,.236,215.629,1.772,196.464,20.938
1980-09,,190.139,.336,2.051,,191.485,.213,191.698,1.715,190.139,3.274
1980-10,,170.08,.347,2.119,,178.555,.206,178.761,1.772,170.08,10.453
1980-11,,162.174,.336,2.051,,178.55,.222,178.771,1.715,162.174,18.313
1980-12,,175.607,.347,2.119,,195.613,.236,195.849,1.772,175.607,22.014
1981-01,,191.949,.26,3.083,,206.467,.292,206.758,2.823,191.949,17.632
1981-02,,182.207,.235,2.784,,179.613,.246,179.86,2.55,182.207,.202
1981-03,,172.826,.26,3.083,,185.553,.281,185.834,2.823,172.826,15.83
1981-04,,163.525,.252,2.983,,172.545,.297,172.841,2.732,163.525,12.048
1981-05,,163.173,.26,3.083,,177.806,.333,178.139,2.823,163.173,17.789
1981-06,,178.827,.252,2.983,,202.702,.319,203.021,2.732,178.827,26.925
1981-07,,197.814,.26,3.083,,220.373,.281,220.655,2.823,197.814,25.663
1981-08,,198.459,.26,3.083,,210.403,.236,210.639,2.823,198.459,15.003
1981-09,,186.25,.252,2.983,,186.838,.213,187.051,2.732,186.25,3.533
1981-10,,171.35,.26,3.083,,181.352,.206,181.558,2.823,171.35,13.031
1981-11,,165.016,.252,2.983,,175.57,.222,175.792,2.732,165.016,13.507
1981-12,,175.705,.26,3.083,,195.59,.236,195.826,2.823,175.705,22.943
1982-01,,192.079,.193,2.742,,209.403,.292,209.694,2.549,192.079,20.165
1982-02,,182.805,.23,2.444,,180.299,.246,180.546,2.214,182.805,-.045
1982-03,,173.959,.256,2.19,,187.687,.281,187.968,1.934,173.959,15.943
1982-04,,164.512,.4,2.248,,172.58,.297,172.877,1.848,164.512,10.213
1982-05,,158.569,.443,2.583,,177.147,.333,177.48,2.14,158.569,21.051
1982-06,,168.739,.624,1.722,,186.128,.319,186.447,1.099,168.739,18.807
1982-07,,183.567,.503,2.341,,210.584,.281,210.865,1.838,183.567,29.136
1982-08,,189.74,.178,3.376,,205.656,.236,205.892,3.198,189.74,19.349
1982-09,,178.296,.185,3.354,,180.662,.213,180.875,3.169,178.296,5.748
1982-10,,163.416,.124,3.482,,172.966,.206,173.172,3.357,163.416,13.113
1982-11,,160.48,.242,3.384,,173.377,.222,173.599,3.142,160.48,16.261
1982-12,,170.279,.159,2.986,,184.722,.236,184.958,2.827,170.279,17.507
1983-01,,179.176,.179,2.903,,195.579,.292,195.871,2.725,179.176,19.42
1983-02,,173.465,.217,2.976,,172.479,.246,172.725,2.759,173.465,2.019
1983-03,,167.584,.367,3.088,,182.488,.281,182.769,2.721,167.584,17.907
1983-04,,163.807,.494,3.163,,170.372,.297,170.669,2.669,163.807,9.531
1983-05,,158.919,.587,2.798,,174.392,.333,174.725,2.211,158.919,18.017
1983-06,,171.604,.385,3.024,,191.048,.319,191.367,2.639,171.604,22.402
1983-07,,194.153,.246,3.29,,220.165,.281,220.447,3.044,194.153,29.337
1983-08,,208.115,.134,3.419,,229.957,.236,230.193,3.285,208.115,25.363
1983-09,,201.922,.141,3.715,,195.604,.213,195.817,3.573,201.922,-2.532
1983-10,,176.307,.204,3.714,,182.931,.206,183.137,3.509,176.307,10.339
1983-11,,170.474,.181,3.266,,182.949,.222,183.171,3.086,170.474,15.783
1983-12,,185.428,.203,3.312,,212.319,.236,212.555,3.109,185.428,30.236
1984-01,,207.252,.33,3.442,,216.632,.292,216.924,3.112,207.252,12.784
1984-02,,190.869,.422,3.155,,189.564,.246,189.81,2.733,190.869,1.673
1984-03,,186.072,.232,3.051,,200.107,.281,200.387,2.819,186.072,17.134
1984-04,,175.35,.22,3.137,,181.084,.297,181.381,2.917,175.35,8.948
1984-05,,175.542,.224,3.357,,192.217,.333,192.55,3.133,175.542,20.141
1984-06,,189.758,.258,3.266,,209.648,.319,209.967,3.007,189.758,23.216
1984-07,,204.474,.189,3.804,,221.245,.281,221.526,3.614,204.474,20.667
1984-08,,209.046,.099,4.524,,229.296,.236,229.532,4.425,209.046,24.911
1984-09,,199.021,.132,3.744,,195.198,.213,195.411,3.612,199.021,.002
1984-10,,182.285,.17,4.121,,190.936,.206,191.142,3.951,182.285,12.808
1984-11,,178.589,.178,3.367,,190.38,.222,190.602,3.189,178.589,15.202
1984-12,,187.537,.104,3.251,,199.996,.236,200.232,3.148,187.537,15.842
1985-01,,202.597,.155,3.024,,227.856,.292,228.148,2.869,202.597,28.42
1985-02,,202.266,.173,2.549,,198.242,.246,198.488,2.376,202.266,-1.402
1985-03,,186.113,.948,4.593,,194.97,.281,195.25,3.645,186.113,12.783
1985-04,,178.53,.707,3.564,,184.877,.297,185.173,2.857,178.53,9.5
1985-05,,178.781,.401,3.67,,196.79,.333,197.123,3.268,178.781,21.61
1985-06,,190.305,.514,4.075,,205.363,.319,205.682,3.561,190.305,18.938
1985-07,,205.201,.488,4.739,,226.722,.281,227.004,4.251,205.201,26.054
1985-08,,210.66,.405,4.928,,226.05,.236,226.286,4.523,210.66,20.149
1985-09,,206.262,.161,3.844,,202.499,.213,202.712,3.683,206.262,.134
1985-10,,184.73,.293,3.689,,194.789,.206,194.995,3.395,184.73,13.66
1985-11,,180.229,.295,3.518,,192.427,.222,192.649,3.223,180.229,15.642
1985-12,,198.299,.424,3.703,,219.255,.236,219.49,3.278,198.299,24.469
1986-01,,210.264,.209,3.811,,217.47,.292,217.761,3.602,210.264,11.1
1986-02,,195.154,.846,3.553,,192.336,.246,192.582,2.707,195.154,.135
1986-03,,188.99,1.201,3.589,,196.834,.281,197.115,2.388,188.99,10.513
1986-04,,178.47,.551,2.926,,186.074,.297,186.37,2.375,178.47,10.275
1986-05,,179.57,.361,3.189,,197.315,.333,197.647,2.828,179.57,20.905
1986-06,,197.389,.251,2.958,,215.015,.319,215.334,2.707,197.389,20.653
1986-07,,219.272,.143,3.121,,242.672,.281,242.954,2.978,219.272,26.659
1986-08,,218.394,.231,4.028,,225.166,.236,225.402,3.798,218.394,10.806
1986-09,,204.297,.15,3.523,,206.692,.213,206.905,3.372,204.297,5.98
1986-10,,194.193,.542,3.559,,197.754,.206,197.96,3.017,194.193,6.784
1986-11,,181.791,.25,3.1,,196.432,.222,196.654,2.85,181.791,17.712
1986-12,,200.969,.081,3.356,,213.551,.236,213.787,3.275,200.969,16.092
1987-01,,209.721,.328,4.222,,222.749,.292,223.041,3.893,209.721,17.214
1987-02,,198.218,.77,5.084,,194.034,.246,194.281,4.314,198.218,.377
1987-03,,193.655,.74,5.115,,201.849,.281,202.13,4.375,193.655,12.85
1987-04,,184.761,.345,4.876,,189.496,.297,189.792,4.531,184.761,9.562
1987-05,,189.107,.327,3.893,,206.074,.333,206.407,3.566,189.107,20.866
1987-06,,207.917,.435,4.525,,225.589,.319,225.908,4.09,207.917,22.081
1987-07,,229.303,.267,4.911,,247.915,.281,248.196,4.644,229.303,23.537
1987-08,,235.513,.545,4.998,,247.645,.236,247.881,4.453,235.513,16.821
1987-09,,216.523,.36,3.625,,213.008,.213,213.221,3.265,216.523,-.037
1987-10,,197.234,.714,3.985,,203.009,.206,203.215,3.272,197.234,9.253
1987-11,,190.326,.444,3.353,,200.258,.222,200.479,2.909,190.326,13.063
1987-12,,204.995,.607,3.632,,220.5,.236,220.736,3.025,204.995,18.766
1988-01,,225.774,.625,3.791,,237.897,.292,238.188,3.165,225.774,15.58
1988-02,,215.081,.496,3.754,,216.937,.246,217.183,3.258,215.081,5.361
1988-03,,205.16,.367,3.514,,214.013,.281,214.294,3.146,205.16,12.279
1988-04,,192.616,.305,2.836,,196,.297,196.297,2.531,192.616,6.212
1988-05,,191.48,.822,3.004,,208.371,.333,208.704,2.183,191.48,19.406
1988-06,,212.998,.714,3.316,,232.747,.319,233.066,2.602,212.998,22.67
1988-07,,237.529,.749,4.149,,257.461,.281,257.742,3.4,237.529,23.613
1988-08,,250.489,.733,4.427,,267.693,.236,267.929,3.694,250.489,21.133
1988-09,,226.305,.382,2.806,,220.179,.213,220.392,2.424,226.305,-3.489
1988-10,,205.505,.616,2.835,,210.608,.206,210.814,2.22,205.505,7.528
1988-11,,199.126,.601,2.295,,209.593,.222,209.815,1.694,199.126,12.383
1988-12,,215.999,.656,2.11,,232.752,.236,232.988,1.453,215.999,18.442
1989-01,8.948,234.564,.729,2.117,.284,236.975,9.506,246.766,1.388,225.617,13.59
1989-02,8.688,223.667,.854,2.69,.308,224.276,9.199,233.783,1.837,214.979,11.952
1989-03,9.366,225.984,1.518,2.132,.325,231.698,9.924,241.946,.614,216.618,16.577
1989-04,8.856,210.781,1.158,2.133,.328,213.179,9.362,222.869,.975,201.925,13.063
1989-05,8.454,210.377,1.083,2.273,.35,225.575,8.9,234.825,1.19,201.923,25.638
1989-06,8.797,230.583,.553,2.141,.372,241.293,9.254,250.919,1.588,221.786,21.923
1989-07,9.146,249.439,1.098,3.252,.43,263.45,9.578,273.458,2.154,240.293,26.173
1989-08,9.556,253.2,.905,2.62,.42,264.963,10.036,275.42,1.715,243.644,23.934
1989-09,8.928,240.873,1.02,1.927,.381,233.024,9.389,242.794,.906,231.944,2.828
1989-10,9.164,220.658,1.627,1.651,.369,225.641,9.659,235.669,.025,211.494,15.036
1989-11,9.124,214.861,2.271,1.375,.328,224.267,9.655,234.25,-.897,205.738,18.492
1989-12,9.654,240.503,2.318,1.799,.356,263.885,10.207,274.448,-.519,230.849,33.427
1990-01,10.395,251.276,1.594,1.259,.393,243.779,11.015,255.187,-.336,240.881,3.575
1990-02,9.722,223.126,1.724,.706,.353,218.83,10.316,229.499,-1.018,213.404,5.356
1990-03,10.487,224.607,1.87,.778,.438,233.252,11.072,244.761,-1.092,214.12,19.063
1990-04,10.384,215.549,1.498,1.062,.445,218.373,10.952,229.77,-.436,205.165,13.784
1990-05,9.97,218.192,1.63,1.321,.489,230.832,10.452,241.774,-.309,208.222,23.273
1990-06,9.856,236.842,1.823,1.582,.583,258.176,10.233,268.992,-.241,226.986,31.91
1990-07,10.695,262.228,1.384,2.373,.618,275.71,11.119,287.448,.989,251.533,26.209
1990-08,11.358,263.423,1.226,2.032,.634,278.19,11.831,290.655,.806,252.065,28.038
1990-09,10.656,255.736,1.479,2.101,.558,246.662,11.137,258.357,.622,245.08,3.243
1990-10,10.56,232.86,.999,2.481,.506,232.783,11.083,244.372,1.481,222.301,12.993
1990-11,9.78,219.695,.374,1.38,.408,220.509,10.325,231.242,1.006,209.916,12.553
1990-12,10.52,233.402,.533,1.37,.411,244.224,11.134,255.77,.838,222.882,23.206
1991-01,11.181,252.434,.32,1.255,.414,256.755,12.046,269.214,.935,241.253,17.715
1991-02,9.28,228.474,.087,.781,.352,217.949,9.989,228.29,.693,219.194,.509
1991-03,9.754,223.98,.089,1.264,.423,229.692,10.446,240.561,1.176,214.226,17.756
1991-04,9.257,215.628,.052,1.379,.44,217.484,9.875,227.799,1.328,206.371,13.498
1991-05,9.758,227.076,.055,1.669,.5,243.999,10.374,254.873,1.614,217.318,29.411
1991-06,9.872,247.835,.185,1.243,.511,258.098,10.49,269.099,1.058,237.963,22.322
1991-07,10.407,267.34,.441,2.54,.592,283.052,11.004,294.648,2.099,256.933,29.408
1991-08,11.377,269.576,.339,2.834,.602,279.481,12.075,292.159,2.495,258.199,25.077
1991-09,11.02,255.44,.208,2.373,.506,243.747,11.774,256.027,2.165,244.419,2.753
1991-10,10.832,232.389,.183,2.582,.492,233.308,11.578,245.378,2.4,221.557,15.389
1991-11,10.346,227.059,.115,1.956,.429,230.132,11.1,241.661,1.841,216.712,16.444
1991-12,10.971,238.828,.232,2.055,.397,241.863,11.829,254.089,1.823,227.857,17.083
1992-01,12.083,250.847,.344,2.236,.456,254.276,13.041,267.773,1.893,238.764,18.819
1992-02,10.603,236.836,.411,2.33,.433,227.67,11.412,239.514,1.92,226.233,4.598
1992-03,10.919,230.928,.337,1.62,.489,235.536,11.707,247.733,1.283,220.009,18.088
1992-04,10.424,222.386,.279,1.838,.496,221.761,11.148,233.406,1.559,211.962,12.579
1992-05,9.795,223.48,.165,2.006,.52,231.471,10.421,242.412,1.841,213.685,20.773
1992-06,10.874,238.153,.221,1.93,.565,248.93,11.582,261.077,1.709,227.279,24.633
1992-07,11.752,264.84,.245,3.061,.683,280.489,12.444,293.617,2.816,253.088,31.593
1992-08,11.873,264.863,.265,2.61,.628,268.665,12.635,281.927,2.345,252.99,19.409
1992-09,11.258,251.248,.183,2.543,.58,247.35,11.996,259.925,2.36,239.99,11.037
1992-10,11.418,236.21,.129,2.831,.489,232.239,12.266,244.994,2.702,224.792,11.486
1992-11,11.421,229.928,.126,2.596,.437,231.404,12.321,244.162,2.47,218.506,16.704
1992-12,11.421,247.488,.123,2.646,.451,254.585,12.307,267.343,2.523,236.066,22.378
1993-01,11.97,255.217,.143,2.35,.503,257.843,12.675,271.021,2.206,243.247,18.01
1993-02,11.185,239.663,.145,2.215,.47,235.701,11.844,248.015,2.07,228.478,10.421
1993-03,12.003,244.678,.21,2.246,.555,248.032,12.661,261.248,2.036,232.675,18.606
1993-04,10.768,226.597,.218,1.743,.469,222.84,11.386,234.695,1.525,215.829,9.623
1993-05,9.768,224.333,.787,1.821,.466,233.572,10.288,244.326,1.034,214.565,21.027
1993-06,10.643,247.992,.893,1.949,.631,263.642,11.087,275.36,1.057,237.349,28.424
1993-07,11.753,281.964,.42,2.922,.777,299.286,12.162,312.225,2.502,270.211,32.763
1993-08,13.183,287.013,.155,3.366,.811,296.936,13.703,311.45,3.211,273.83,27.648
1993-09,11.834,264.521,.149,3.04,.645,251.004,12.384,264.032,2.891,252.687,2.402
1993-10,12.022,240.349,.13,3.351,.6,237.317,12.636,250.553,3.221,228.327,13.424
1993-11,11.954,234.895,.152,3.159,.554,238.942,12.606,252.102,3.007,222.941,20.215
1993-12,12.155,253.477,.139,3.196,.52,258.782,12.863,272.165,3.057,241.322,21.744
1994-01,13.735,273.593,.147,3.509,.533,274.862,14.373,289.768,3.362,259.858,19.538
1994-02,11.823,250.675,.117,3.938,.461,236.341,12.37,249.172,3.821,238.852,2.318
1994-03,12.215,243.997,.12,4.635,.533,244.742,12.723,257.998,4.515,231.782,18.516
1994-04,11.579,231.647,.132,3.376,.549,228.071,12.017,240.637,3.244,220.068,12.233
1994-05,10.685,232.734,.14,3.624,.575,241.149,11.02,252.745,3.484,222.049,23.495
1994-06,11.947,264.668,.208,3.867,.768,281.196,12.198,294.162,3.659,252.721,33.153
1994-07,13.19,291.197,.156,4.28,.833,296.942,13.481,311.257,4.123,278.007,24.182
1994-08,12.841,285.68,.185,4.471,.854,293.669,13.082,307.605,4.286,272.839,26.21
1994-09,11.873,266.757,.198,3.734,.687,253.377,12.197,266.262,3.536,254.884,3.041
1994-10,12.32,246.075,.168,3.743,.654,243.158,12.716,256.528,3.575,233.755,14.028
1994-11,12,238.527,.186,3.814,.595,238.846,12.427,251.868,3.627,226.528,16.969
1994-12,12.117,255.337,.253,3.843,.576,256.37,12.574,269.52,3.59,243.219,17.773
1995-01,12.102,267.382,.169,3.514,.572,266.982,12.219,279.773,3.346,255.281,15.737
1995-02,11.123,250.262,.273,3.638,.515,240.551,11.241,252.307,3.365,239.139,5.41
1995-03,12.069,248.535,.565,4.155,.618,248.586,12.138,261.343,3.59,236.465,16.398
1995-04,12.196,234.055,.379,3.822,.619,231.845,12.272,244.736,3.443,221.859,14.124
1995-05,11.812,241.4,.227,3.724,.622,251.804,11.862,264.288,3.497,229.589,26.385
1995-06,11.821,266.831,.399,3.978,.735,273.764,11.759,286.258,3.579,255.01,23.006
1995-07,14.215,295.762,.647,4.223,.936,315.391,14.089,330.416,3.575,281.546,38.23
1995-08,14.962,313.962,.277,4.628,1.049,329.966,14.765,345.78,4.35,299,36.168
1995-09,12.722,278.708,.175,3.262,.769,264.128,12.678,277.575,3.088,265.986,1.955
1995-10,12.784,253.837,.114,2.92,.647,250.466,12.865,263.978,2.806,241.053,12.948
1995-11,12.214,247.693,.157,2.468,.588,248.569,12.322,261.478,2.312,235.479,16.097
1995-12,12.655,265.537,.24,2.521,.562,272.179,12.814,285.554,2.281,252.882,22.298
1996-01,13.122,285.304,.259,2.6,.614,283.164,13.145,296.923,2.341,272.182,13.96
1996-02,11.73,267.834,.164,2.986,.571,258.386,11.728,270.685,2.822,256.104,5.673
1996-03,12.445,261.478,.172,3.344,.619,261.97,12.43,275.019,3.172,249.033,16.712
1996-04,11.016,241.353,.115,3.214,.6,240.062,10.951,251.613,3.099,230.337,13.358
1996-05,12.032,251.7,.387,3.4,.792,269.65,11.824,282.266,3.014,239.667,33.581
1996-06,12.966,278.867,.259,4,.904,289.121,12.692,302.717,3.741,265.901,27.591
1996-07,13.847,299.818,.268,4.792,1.043,313.189,13.476,327.708,4.524,285.971,32.415
1996-08,14.338,304.211,.308,5.377,1.01,314.253,14.024,329.286,5.068,289.873,30.144
1996-09,12.702,280.718,.339,4.038,.855,269.833,12.463,283.151,3.699,268.016,6.132
1996-10,13.192,258.423,.203,3.371,.77,257.615,13.061,271.446,3.169,245.232,16.192
1996-11,12.819,253.611,.252,3.269,.656,255.681,12.785,269.122,3.017,240.792,18.529
1996-12,12.43,270.449,.576,3.106,.596,271.216,12.437,284.25,2.53,258.019,16.33
1997-01,13.386,288.652,.559,3.074,.546,286.626,13.402,300.574,2.515,275.266,14.437
1997-02,11.725,262.503,.73,2.768,.524,245.914,11.693,258.131,2.038,250.778,-2.334
1997-03,12.649,256.201,.598,3.102,.605,259.078,12.574,272.258,2.504,243.552,18.561
1997-04,12.335,247.091,.512,3.467,.635,245.431,12.218,258.284,2.955,234.755,14.148
1997-05,12.666,249.439,.57,2.872,.704,259.716,12.493,272.914,2.302,236.773,25.777
1997-06,12.652,274.074,.608,3.608,.805,285.909,12.378,299.092,3,261.423,28.017
1997-07,14.131,310.389,.599,4.641,1.037,329.793,13.687,344.516,4.042,296.258,38.17
1997-08,14.179,308.544,.538,4.525,.975,318.125,13.799,332.899,3.987,294.365,28.342
1997-09,13.215,291.931,.84,3.776,.854,287.287,12.915,301.057,2.936,278.717,12.062
1997-10,13.696,276.559,1.519,3.746,.736,270.7,13.534,284.971,2.228,262.863,10.64
1997-11,12.666,259.225,1.155,3.795,.614,257.924,12.584,271.121,2.64,246.56,14.535
1997-12,12.941,277.242,.747,3.658,.665,282.872,12.819,296.356,2.912,264.3,22.026
1998-01,13.751,284.851,1.132,2.697,.548,281.337,13.375,295.26,1.565,271.099,11.974
1998-02,11.808,261.068,1.068,2.495,.481,248.634,11.475,260.59,1.427,249.26,.949
1998-03,13.051,266.726,1.069,2.954,.62,273.664,12.594,286.878,1.884,253.675,22.036
1998-04,12.503,252.048,.804,3.369,.597,248.57,12.063,261.23,2.566,239.545,11.747
1998-05,13.407,267.087,1.065,3.166,.773,286.065,12.801,299.64,2.101,253.68,34.654
1998-06,12.885,296.878,1.321,3.452,.869,315.857,12.178,328.903,2.13,283.993,34.155
1998-07,14.889,328.411,1.147,4.615,1.02,346.861,14.055,361.936,3.468,313.522,36.994
1998-08,15.202,333.857,.793,5.108,1.028,341.973,14.365,357.366,4.315,318.655,27.824
1998-09,14.022,311.12,1.234,3.85,.894,304.726,13.304,318.924,2.616,297.097,10.421
1998-10,13.416,279.719,1.531,3.005,.704,270.862,12.88,284.446,1.474,266.303,6.201
1998-11,12.283,262.297,1.331,2.262,.557,254.7,11.88,267.136,.931,250.014,5.77
1998-12,13.649,281.035,1.16,2.54,.658,284.166,13.162,297.986,1.38,267.386,18.331
1999-01,14.888,298.421,1.546,2.329,.598,301.516,13.7,315.814,.783,283.533,18.175
1999-02,12.959,264.108,1.376,2.1,.544,262.375,11.901,274.82,.723,251.15,11.435
1999-03,13.336,274.11,1.886,2.557,.638,285.337,12.17,298.145,.671,260.773,24.706
1999-04,13.978,260.766,1.348,3.836,.713,267.295,12.711,280.719,2.489,246.788,22.442
1999-05,14.776,269.133,1.226,3.768,.756,285.908,13.435,300.098,2.541,254.356,33.507
1999-06,14.174,298.908,1.063,3.558,.835,315.311,12.778,328.924,2.495,284.733,32.511
1999-07,16.099,340.414,.908,3.557,1.006,361.077,14.455,376.538,2.649,324.315,38.773
1999-08,16.149,339.129,.618,3.531,.968,348.523,14.541,364.031,2.913,322.98,27.815
1999-09,14.317,309.115,.593,4.594,.733,291.766,13.017,305.516,4.001,294.798,.401
1999-10,13.677,279.076,1.326,4.628,.668,270.8,12.467,283.935,3.302,265.399,8.161
1999-11,13.609,266.138,1.049,4.58,.551,258.026,12.519,271.096,3.531,252.529,8.489
1999-12,13.667,284.399,1.283,4.178,.554,282.049,12.571,295.174,2.895,270.732,13.671
2000-01,13.46,301.224,.73,3.641,.567,315.035,12.392,327.994,2.911,287.764,29.681
2000-02,13.367,285.462,.598,3.958,.523,281.3,12.346,294.169,3.36,272.095,12.067
2000-03,13.885,276.303,1.022,3.682,.605,288.212,12.763,301.58,2.66,262.418,27.937
2000-04,13.615,262.79,1.232,3.737,.608,272.47,12.5,285.578,2.505,249.175,25.292
2000-05,14.398,283.661,1.343,4.296,.765,309.092,13.096,322.954,2.953,269.263,42.246
2000-06,14.15,313.914,1.642,4.579,.743,325.431,12.88,339.054,2.937,299.765,28.077
2000-07,14.982,332.548,.844,5.234,.837,342.104,13.587,356.528,4.39,317.566,28.37
2000-08,16.012,346.745,.93,5.459,.891,353.254,14.525,368.669,4.529,330.733,26.454
2000-09,14.138,317.831,1.088,4.381,.703,298.835,12.909,312.447,3.293,303.693,-2.092
2000-10,14.272,287.107,1.138,2.761,.605,275.711,13.135,289.452,1.622,272.835,3.967
2000-11,13.861,277.982,1.185,3.442,.536,271.325,12.809,284.67,2.257,264.121,8.946
2000-12,14.801,306.789,3.077,3.422,.519,304.761,13.731,319.011,.344,291.988,12.566
2001-01,14.289,325.135,1.549,3.415,.629,318.736,13.128,332.493,1.865,310.846,9.223
2001-02,12.432,284.756,2.852,3.316,.548,270.971,11.421,282.94,.464,272.324,-1.351
2001-03,13.51,282.825,1.793,3.527,.553,287.7,12.454,300.707,1.734,269.315,19.616
2001-04,12.697,267.023,1.415,3.793,.55,265.855,11.674,278.079,2.378,254.326,13.434
2001-05,12.803,277.245,1.549,4.416,.575,288.166,11.751,300.492,2.867,264.442,26.113
2001-06,13.032,303.011,1.276,3.695,.598,315.148,11.949,327.694,2.42,289.979,27.103
2001-07,14.313,330.163,1.173,3.521,.732,343.834,13.048,357.614,2.348,315.85,29.799
2001-08,14.937,347.193,1.158,3.751,.814,356.152,13.566,370.533,2.593,332.256,25.933
2001-09,13.552,309.594,1.321,1.936,.636,293.882,12.412,306.929,.615,296.042,-2.05
2001-10,13.859,281.455,.797,1.775,.622,281.391,12.721,294.734,.978,267.596,14.257
2001-11,13.273,266.216,.986,2.136,.548,266.155,12.23,278.934,1.15,252.943,13.868
2001-12,13.953,282.491,.604,3.22,.611,292.063,12.822,305.496,2.616,268.538,25.621
2002-01,14.303,305.271,.841,3.306,.597,306.171,13.173,319.941,2.465,290.967,17.136
2002-02,12.827,276.556,.863,2.793,.5,269.476,11.85,281.826,1.93,263.728,7.2
2002-03,13.738,281.198,1.785,3.312,.573,289.322,12.654,302.549,1.527,267.46,22.878
2002-04,13.214,271.16,1.73,3.411,.546,277.126,12.176,289.848,1.681,257.946,20.369
2002-05,13.666,282.99,1.766,2.392,.566,294.517,12.592,307.675,.627,269.323,25.312
2002-06,13.992,310.461,1.338,3.152,.642,327.553,12.829,341.023,1.814,296.47,32.376
2002-07,15.126,352.411,.707,4.293,.743,366.98,13.82,381.542,3.587,337.285,32.718
2002-08,14.786,352.9,1.106,4.067,.797,360.351,13.438,374.586,2.961,338.115,24.647
2002-09,13.818,324.316,1.154,2.763,.676,317.976,12.628,331.279,1.609,310.498,8.572
2002-10,13.465,297.643,1.16,2.482,.6,294.096,12.363,307.059,1.322,284.178,10.739
2002-11,13.415,276.449,1.604,2.537,.554,283.374,12.361,296.29,.933,263.034,20.774
2002-12,13.833,300.296,1.743,2.27,.622,311.516,12.697,324.834,.527,286.462,25.065
2003-01,15.106,319.369,1.737,3.063,.617,327.446,13.926,341.989,1.326,304.263,23.946
2003-02,13.035,295.275,1.793,2.725,.55,286.699,11.999,299.249,.931,282.24,4.905
2003-03,13.743,288.217,2.384,2.758,.594,291.086,12.637,304.317,.374,274.473,16.475
2003-04,13.232,269.942,1.724,2.561,.581,273.016,12.159,285.756,.837,256.71,16.65
2003-05,13.819,282.607,2.383,2.783,.598,294.241,12.706,307.545,.399,268.788,25.338
2003-06,13.905,304.355,2.481,2.872,.624,315.306,12.763,328.694,.391,290.45,24.729
2003-07,14.833,349.042,1.423,3.727,.709,360.116,13.571,374.396,2.303,334.209,27.658
2003-08,14.953,356.772,1.408,3.614,.718,367.42,13.678,381.816,2.206,341.819,27.25
2003-09,13.902,320.492,2.118,1.723,.64,309.751,12.744,323.136,-.395,306.59,2.249
2003-10,13.973,291.353,2.255,.855,.636,293.289,12.816,306.741,-1.399,277.38,13.989
2003-11,13.466,276.443,2.153,1.382,.588,284.902,12.377,297.867,-.771,262.977,20.653
2003-12,14.328,308.164,2.114,2.332,.64,317.887,13.154,331.68,.218,293.836,23.734
2004-01,14.8,322.657,2.149,2.276,.694,332.296,13.555,346.546,.127,307.856,24.016
2004-02,13.505,299.938,2.007,1.89,.654,301.278,12.348,314.28,-.117,286.433,14.225
2004-03,13.819,292.001,2.685,1.762,.634,295.508,12.67,308.812,-.923,278.182,15.889
2004-04,13.458,276.309,2.077,2.082,.623,277.603,12.334,290.56,.004,262.851,14.255
2004-05,13.985,293.021,2.272,2.448,.699,313.916,12.765,327.38,.176,279.036,34.535
2004-06,14.079,321.851,2.302,2.944,.702,331.531,12.853,345.085,.642,307.772,23.876
2004-07,14.957,348.864,1.271,4.168,.763,362.932,13.637,377.332,2.897,333.907,31.364
2004-08,14.469,345.396,1.349,4.777,.749,354.509,13.181,368.439,3.428,330.927,26.471
2004-09,13.807,322.373,1.988,2.938,.707,322.329,12.586,335.622,.95,308.566,14.199
2004-10,13.476,295.213,1.563,2.625,.673,299.476,12.301,312.45,1.062,281.737,18.3
2004-11,13.392,283.555,1.539,3.035,.656,289.208,12.237,302.101,1.496,270.163,20.042
2004-12,14.721,314.771,1.696,3.266,.714,327.775,13.459,341.948,1.57,300.05,28.746
2005-01,12.948,322.027,1.695,3.173,.737,329.896,12.489,343.121,1.478,309.079,22.572
2005-02,11.684,291.198,1.197,2.997,.656,286.566,11.279,298.5,1.799,279.514,9.102
2005-03,12.565,299.356,1.056,3.445,.702,304.624,12.132,317.458,2.389,286.791,20.491
2005-04,11.905,276.073,1.188,3.027,.649,277.402,11.512,289.562,1.838,264.168,15.328
2005-05,12.276,285.776,1.762,3.281,.686,302.523,11.853,315.062,1.519,273.5,30.805
2005-06,13.143,332.524,1.996,3.587,.763,350.246,12.662,363.672,1.591,319.381,32.738
2005-07,14.337,369.851,1.582,4.381,.823,387.63,13.821,402.274,2.799,355.514,35.222
2005-08,14.375,376.918,1.467,4.985,.821,390.258,13.862,404.941,3.518,362.544,31.54
2005-09,12.273,343.197,1.863,3.709,.718,337.681,11.819,350.218,1.846,330.923,8.867
2005-10,10.962,308.589,1.779,3.65,.644,305.201,10.553,316.398,1.871,297.626,9.681
2005-11,11.184,285.77,1.715,3.77,.627,294.691,10.797,306.115,2.055,274.585,22.4
2005-12,12.362,319.705,1.85,3.925,.665,335.474,11.962,348.101,2.075,307.343,30.471
2006-01,12.574,317.44,2.436,3.879,.684,315.254,12.72,328.658,1.443,304.866,12.661
2006-02,11.257,292.304,1.84,3.415,.643,295.333,11.357,307.333,1.575,281.046,16.605
2006-03,11.903,301.873,2.045,3.702,.643,306.041,12.046,318.73,1.658,289.97,18.514
2006-04,11.322,279.531,2.001,3.405,.625,285.788,11.445,297.858,1.403,268.208,19.731
2006-05,12.283,299.481,2.265,3.719,.713,317.522,12.38,330.616,1.453,287.198,32.588
2006-06,12.101,333.941,2.357,3.776,.724,351.36,12.176,364.26,1.419,321.84,31.739
2006-07,13.281,375.668,1.646,4.714,.783,396.263,13.375,410.421,3.068,362.387,37.821
2006-08,13.296,381.93,1.596,4.672,.78,393.589,13.394,407.763,3.076,368.634,28.909
2006-09,12.077,329.36,2.179,2.18,.682,319.181,12.193,332.055,.001,317.282,2.696
2006-10,12.522,303.708,2.311,2.664,.704,308.218,12.645,321.567,.354,291.186,18.212
2006-11,11.808,288.99,2.154,2.913,.682,296.571,11.906,309.159,.759,277.182,20.928
2006-12,12.501,312.62,1.441,3.652,.709,322.957,12.617,336.283,2.211,300.119,25.873
2007-01,11.258,326.361,1.575,3.477,.669,339.968,12.894,353.531,1.902,315.104,29.072
2007-02,9.479,310.81,1.356,4.193,.641,311.81,10.779,323.23,2.837,301.331,15.257
2007-03,10.077,301.738,2.092,3.894,.659,308.331,11.481,320.471,1.803,291.66,20.536
2007-04,9.857,285.197,1.168,3.996,.639,291.254,11.236,303.129,2.828,275.341,20.76
2007-05,10.274,303.074,1.155,4.639,.68,317.826,11.697,330.203,3.484,292.8,30.613
2007-06,10.306,333.313,1.307,4.492,.707,350.339,11.709,362.755,3.185,323.007,32.627
2007-07,11.05,363.692,1.737,5.507,.763,379.914,12.55,393.226,3.77,352.642,33.304
2007-08,11.564,384.929,1.908,5.399,.774,407.865,13.157,421.797,3.491,373.365,40.359
2007-09,10.526,348.051,2.456,3.838,.684,342.713,11.997,355.394,1.382,337.525,8.725
2007-10,10.613,318.395,1.556,3.568,.706,319.83,12.08,332.615,2.012,307.783,16.232
2007-11,10.123,296.422,1.789,4.322,.667,301.907,11.528,314.103,2.534,286.299,20.214
2007-12,10.545,318.249,2.045,4.07,.686,333.586,12.018,346.29,2.025,307.704,30.066
2008-01,11.997,338.211,1.757,5.009,.709,349.836,12.453,362.998,3.252,326.215,28.039
2008-02,10.768,315.863,1.533,4.587,.636,313.292,11.178,325.106,3.054,305.095,12.296
2008-03,11.138,305.763,2.65,4.796,.619,312.41,11.601,324.63,2.146,294.625,21.013
2008-04,10.63,288.593,1.329,4.062,.614,294.203,11.049,305.865,2.733,277.963,20.005
2008-05,10.964,299.24,3.028,5.339,.609,313.216,11.42,325.245,2.312,288.276,28.316
2008-06,11.391,339.983,3.373,6.12,.675,360.612,11.822,373.109,2.747,328.592,35.873
2008-07,12.38,372.807,1.708,6.021,.728,389.318,12.855,402.9,4.313,360.427,34.407
2008-08,12.191,364.047,1.481,5.822,.715,375.612,12.66,388.987,4.342,351.856,29.281
2008-09,10.058,331.964,1.797,4.856,.675,327.021,10.36,338.056,3.059,321.906,9.152
2008-10,10.735,302.497,2.037,3.644,.642,306.769,11.137,318.547,1.606,291.762,17.656
2008-11,9.866,288.196,2.06,3.282,.623,299.222,10.201,310.046,1.222,278.33,23.072
2008-12,10.08,318.996,1.446,3.481,.681,332.839,10.378,343.898,2.035,308.916,26.938
2009-01,10.369,331.993,2.25,4.266,.717,343.516,10.76,354.993,2.017,321.624,25.016
2009-02,9.637,295.889,1.531,3.885,.627,290.221,10.04,300.887,2.354,286.251,7.353
2009-03,10.251,294.059,1.707,2.949,.668,299.257,10.678,310.603,1.242,283.808,17.786
2009-04,9.526,274.99,1.486,3.291,.633,278.994,9.91,289.537,1.806,265.464,16.353
2009-05,9.767,285.043,1.39,4.127,.64,300.496,10.17,311.306,2.737,275.276,28.999
2009-06,10.524,316.044,1.626,4.73,.675,336.011,10.973,347.658,3.104,305.52,34.718
2009-07,11.475,349.353,1.421,5.5,.733,359.842,11.968,372.542,4.079,337.878,27.268
2009-08,11.82,356.666,1.355,5.83,.769,368.139,12.314,381.221,4.475,344.845,29.031
2009-09,11.057,321.62,1.381,4.471,.693,315.163,11.545,327.401,3.09,310.563,8.87
2009-10,10.795,297.911,1.357,4.71,.659,295.093,11.289,307.04,3.353,287.116,12.482
2009-11,10.501,278.659,1.283,3.831,.648,285.012,10.975,296.635,2.548,268.158,20.523
2009-12,11.214,321.505,1.352,4.6,.703,338.095,11.709,350.507,3.248,310.291,32.25
2010-01,11.084,342.963,1.17,5.31,.709,348.128,12.12,360.957,4.14,331.879,22.134
2010-02,10.144,308.604,1.025,4.413,.623,307.994,11.118,319.735,3.389,298.46,14.519
2010-03,10.884,303.395,1.305,4.355,.661,299.571,11.936,312.168,3.049,292.511,11.822
2010-04,10.091,277.143,1.278,3.885,.645,276.121,11.034,287.8,2.608,267.052,13.265
2010-05,10.611,294.34,1.737,3.06,.666,315.656,11.614,327.936,1.323,283.729,34.92
2010-06,11.037,341.93,1.56,4.055,.699,362.985,12.075,375.759,2.496,330.893,36.325
2010-07,11.69,380.708,1.494,4.307,.812,396.195,12.718,409.725,2.813,369.018,31.83
2010-08,12.298,384.067,1.819,3.638,.838,394.651,13.395,408.884,1.819,371.769,26.636
2010-09,11.221,338.964,2.386,2.907,.75,333.057,12.238,346.045,.521,327.742,7.602
2010-10,10.605,298.445,2.103,2.535,.712,295.646,11.562,307.921,.432,287.84,9.908
2010-11,10.52,285.42,1.874,2.667,.683,293.833,11.493,306.01,.793,274.9,21.383
2010-12,11.725,330.773,1.356,3.951,.793,348.549,12.777,362.119,2.595,319.048,33.942
2011-01,11.245,345.36,1.594,4.282,.817,350.001,12.054,362.872,2.688,334.116,20.199
2011-02,10.042,306.946,1.521,3.741,.725,301.632,10.77,313.127,2.22,296.903,8.401
2011-03,10.398,302.45,1.541,4.023,.753,306.808,11.149,318.71,2.482,292.052,18.742
2011-04,10.38,285.584,1.603,3.799,.706,290.519,11.175,302.401,2.196,275.204,19.013
2011-05,10.681,298.674,1.276,4.898,.867,311.403,11.359,323.628,3.622,287.993,28.576
2011-06,11.181,339.888,1.316,4.483,.86,354.929,11.938,367.727,3.167,328.707,31.005
2011-07,12.136,382.828,1.255,6.023,1.023,404.802,12.868,418.693,4.768,370.692,40.633
2011-08,12.292,385.012,1.009,5.584,.985,392.441,13.085,406.511,4.575,372.72,26.074
2011-09,11.199,337.446,1.016,4.036,.87,325.113,11.948,337.931,3.02,326.247,3.505
2011-10,10.504,298.637,.914,3.7,.799,296.676,11.224,308.699,2.787,288.133,12.849
2011-11,10.888,286.123,1.13,3.471,.8,291.639,11.663,304.102,2.341,275.235,20.32
2011-12,11.808,313.652,.874,4.26,.874,322.225,12.642,335.74,3.386,301.844,25.474
2012-01,11.668,322.643,.934,4.149,.916,326.186,12.425,339.528,3.215,310.975,20.1
2012-02,11.018,298.001,.869,3.639,.9,296.79,11.699,309.389,2.77,286.983,14.158
2012-03,11.013,294.744,1.198,4.205,.911,296.498,11.681,309.091,3.007,283.731,17.354
2012-04,10.535,281.294,1.256,4.996,.888,283.182,11.158,295.228,3.739,270.76,17.673
2012-05,11.297,308.266,1.15,5.472,.93,323.599,11.988,336.518,4.322,296.968,32.574
2012-06,11.427,336.586,1.211,5.37,.975,347.76,12.091,360.826,4.159,325.16,28.399
2012-07,12.528,383.49,1.008,6.675,1.135,400.315,13.19,414.64,5.667,370.963,36.816
2012-08,12.423,377.208,.85,6.347,1.046,381.494,13.16,395.7,5.497,364.785,23.989
2012-09,11.368,329.457,.906,4.908,.93,321.586,12.069,334.585,4.002,318.09,9.129
2012-10,11.146,301.882,.744,4.405,.904,298.905,11.841,311.651,3.661,290.735,13.43
2012-11,11.306,289.518,.8,4.695,.876,293.046,12.052,305.975,3.895,278.212,20.351
2012-12,11.927,309.216,1.07,4.397,.888,320.996,12.751,334.635,3.327,297.288,28.746
2013-01,12.296,332.978,1.056,5.378,.981,335.062,12.924,348.967,4.322,320.683,20.311
2013-02,11.079,302.559,.845,5.091,.888,297.198,11.642,309.728,4.246,291.48,11.415
2013-03,12,309.226,.952,5.578,.995,311.828,12.576,325.399,4.626,297.226,20.799
2013-04,11.076,288.858,1.248,5.224,.946,286.807,11.58,299.333,3.976,277.782,14.451
2013-05,11.608,301.006,.958,5.972,.981,309.028,12.147,322.156,5.014,289.398,26.164
2013-06,11.969,332.17,.779,6.292,1.026,343.286,12.511,356.823,5.514,320.201,30.167
2013-07,13.031,371.732,.983,6.855,1.236,380.108,13.502,394.846,5.872,358.701,28.986
2013-08,12.682,366.262,.848,6.991,1.147,370.943,13.195,385.286,6.142,353.58,25.167
2013-09,11.762,335.24,.726,5.658,1.073,327.638,12.23,340.941,4.932,323.478,10.633
2013-10,11.621,305.992,.971,5.319,.961,301.782,12.182,314.925,4.348,294.37,13.282
2013-11,11.718,293.212,.896,5.559,.936,301.287,12.317,314.54,4.664,281.494,25.991
2013-12,12.621,329.095,1.112,5.33,1.064,338.748,13.21,353.021,4.218,316.475,28.144
2014-01,12.043,353.281,1.282,5.467,1.218,363.645,12.391,377.255,4.184,341.238,28.158
2014-02,10.683,319.624,1.293,4.437,.961,312.276,11.112,324.348,3.145,308.941,7.869
2014-03,11.423,313.811,1.937,5.584,.972,318.914,11.937,331.823,3.647,302.388,21.659
2014-04,10.776,286.669,1.337,4.791,.927,285.453,11.251,297.631,3.453,275.894,14.415
2014-05,11.196,302.617,.826,5.39,.986,312.072,11.667,324.724,4.564,291.421,26.671
2014-06,11.376,334.168,1.045,5.493,1.041,344.988,11.814,357.844,4.448,322.792,28.124
2014-07,12.355,363.879,1.03,6.299,1.173,371.817,12.79,385.78,5.269,351.524,27.169
2014-08,12.421,364.304,.863,6.678,1.181,370.304,12.856,384.341,5.815,351.883,25.852
2014-09,11.619,338.526,.766,6.034,1.086,326.756,12.044,339.887,5.268,326.907,6.629
2014-10,11.216,307.896,.951,5.372,1.008,301.847,11.667,314.522,4.421,296.68,11.047
2014-11,11.288,296.701,.875,5.583,.96,304.738,11.797,317.495,4.708,285.413,25.502
2014-12,12.179,321.799,1.092,5.383,1.007,324.193,12.757,337.957,4.291,309.62,20.448
2015-01,12.214,341.881,.817,6.039,.981,346.758,12.717,360.455,5.221,329.666,23.796
2015-02,10.703,317.472,1.355,5.574,.932,322.473,11.071,334.476,4.219,306.768,21.223
2015-03,11.103,316.455,.944,6.632,.977,311.741,11.475,324.192,5.688,305.352,13.425
2015-04,10.644,286.119,.585,6.528,.931,282.197,11.005,294.133,5.943,275.475,13.957
2015-05,11.178,299.268,.609,6.616,1.013,309.552,11.522,322.087,6.007,288.091,28.826
2015-06,11.897,338.294,.617,6.694,1.098,349.067,12.244,362.409,6.077,326.397,30.192
2015-07,12.956,375.894,.647,6.896,1.238,385.889,13.292,400.419,6.249,362.938,30.774
2015-08,12.716,374.748,.657,7.168,1.206,377.856,13.054,392.116,6.511,362.032,23.879
2015-09,12.042,345,.709,6.611,1.145,336.618,12.359,350.122,5.902,332.958,11.024
2015-10,11.542,307.598,.696,5.26,1.049,299.168,11.894,312.112,4.564,296.055,9.078
2015-11,11.684,287.6,.661,5.849,.992,287.551,12.11,300.653,5.188,275.917,18.241
2015-12,12.488,309.831,.805,5.906,1.033,310.423,12.97,324.427,5.101,297.344,19.697
2016-01,12.247,329.4,.675,6.955,1.057,338.789,12.677,352.523,6.28,317.153,29.402
2016-02,11.324,304.647,.935,6.02,.944,301.029,11.755,313.729,5.085,293.323,14.166
2016-03,11.882,293.667,1.052,6.383,1.043,290.779,12.281,304.104,5.331,281.785,15.768
2016-04,11.258,277.231,.949,5.228,1.023,280.094,11.603,292.719,4.279,265.973,19.767
2016-05,11.668,292.375,.761,6.22,1.055,304.349,12.03,317.433,5.459,280.708,30.516
2016-06,11.929,337.303,.628,7.26,1.079,354.97,12.299,368.348,6.632,325.374,37.677
2016-07,12.558,379.761,.703,8.101,1.204,398.325,12.879,412.408,7.398,367.203,40.045
2016-08,12.577,388.632,.824,7.806,1.212,395.723,12.892,409.827,6.982,376.055,28.177
2016-09,11.681,344.059,.87,6.678,1.064,338.593,12.035,351.692,5.808,332.378,13.441
2016-10,11.313,303.297,.849,6.026,.968,300.102,11.719,312.788,5.177,291.985,14.667
