Date,"Gold, $/toz, nominal$","Meat, beef, $/kg, nominal$","Metals and minerals, 2010=100, nominal$","Tobacco, $/mt, nominal$","Sugar, world, $/kg, nominal$","Crude oil, Brendt, $/bbl, nominal$","Agriculture, 2010=100, nominal$","Agr: Food: Grains, 2010=100, nominal$","Aluminum, $/mt, nominal$","Agr: Beverages, 2010=100, nominal$","Coffee, Robusta, $/kg, nominal$"
2017-02,1234.2,4.06201235,77.88352144578,5016.51605434303,0.447317398,55.49,91.53845644998,79.1383807007,1860.75,85.20284636875,2.347699838
2017-01,1192.1,3.9132005,74.49150985923,5002.33668458022,0.448199246,54.89,91.37361228078,79.01127630547,1791.24,88.28940677341,2.388044384
2016-12,1157.36,3.87278246667,73.53247106295,4964.81666666667,0.407634238,54.07,89.37735990916,75.88728307893,1727.74,87.07828431788,2.24540547
2016-11,1238.35,4.0565008,71.51376131196,4922.625,0.446215088,46.44,89.90405244213,76.03004863537,1737.11,93.76018216974,2.286631864
2016-10,1266.55,3.94186056,64.12121850972,4944.64166666667,0.489866564,49.73,89.51195760611,76.48782180415,1665.9,94.6225033536,2.28508863
2016-09,1326.61,4.02122688,62.85560903013,4976.05833333333,0.474654686,46.19,90.47696668844,76.527009152,1592.36,94.84924542361,2.135835856
2016-08,1340.17,4.09177472,63.79442105122,4888.63333333333,0.443790006,46.14,90.91726761974,78.70365976461,1639.28,94.0964277031,2.023620698
2016-07,1336.65,4.1446856,63.45893121052,4877.84166666667,0.43210552,45.07,91.89654000994,83.58304947086,1629.05,95.20216275801,2.002235884
2016-06,1276.4,3.99697606,60.25926685657,4826.15833333333,0.42879859,48.48,93.83827279216,90.30504822574,1593.51,93.76936387077,1.894650428
2016-05,1260.95,3.9572929,59.96267946229,4691.04166666667,0.375005862,47.13,91.13500833197,87.30576475404,1550.63,90.79037304552,1.850337566
2016-04,1242.26,3.90548433,62.00929032653,4617.575,0.335763626,42.25,88.34538062087,85.71697430169,1571.23,89.6309743989,1.767664316
2016-03,1245.14,3.88454044,61.16599595301,4568.8,0.340393328,39.07,85.92346152054,84.41226672428,1531.01,88.23431863265,1.66669272
2016-02,1199.5,3.767144425,57.70301318731,4666.74166666667,0.292773536,33.2,84.17197471264,84.3079743626,1531.26,84.56915303947,1.632300648
2016-01,1097.91,3.502590025,55.22859847595,4729.225,0.30974911,30.8,83.50914630517,84.34234124704,1481.1,85.71351820836,1.647071602
2015-12,1075.74,3.73462628,56.37833488537,4789.65,0.322756368,37.72,85.39161389878,84.20210566091,1497.2,92.95024412351,1.747822736
2015-11,1086.44,3.904933175,57.85064578913,4813.09166666667,0.32077221,44.42,85.64894097882,83.62393659105,1467.89,93.57159146501,1.802056388
2015-10,1159.25,4.1005932,62.20113951817,4858.43333333333,0.306662642,48.12,86.7805791149,84.53103415047,1516.49,92.86105129425,1.824984436
2015-09,1124.77,4.472622825,63.40885554669,4887.35833333333,0.261467932,47.24,85.84302121314,82.25959695863,1589.6,91.76776480851,1.796544838
2015-08,1117.93,4.68261288,62.62861067345,4925.58333333333,0.2535313,46.99,87.52159303579,83.81446402327,1548.13,93.93243259301,1.891123036
2015-07,1128.31,4.49522018,65.69724641196,4878.08333333333,0.282852746,55.87,90.8048110206,90.95214510135,1639.5,96.3996837004,1.920664944
2015-06,1181.5,4.29349745,70.36121291865,4947.23333333333,0.274695652,62.34,90.16187622281,88.31481906177,1687.73,96.2209582589,1.989449088
2015-05,1198.63,4.38388687,74.5980934382,5018.00833333333,0.294096308,64.56,90.10036162277,88.94531479657,1804.04,93.37406593376,1.930365272
2015-04,1198.93,4.72670528,72.10039902534,4986.70833333333,0.288364296,59.39,90.44786764844,92.48330517966,1819.19,91.20633946865,2.029573172
2015-03,1178.63,4.560807625,71.77078042299,4961.56666666667,0.290127992,55.79,90.75108139693,94.12577340493,1773.86,89.06899067219,2.031777792
2015-02,1227.08,4.626946225,72.40273050644,4910.96666666667,0.321654058,57.93,93.35494816982,95.3142335055,1817.82,94.34862175158,2.168464232
2015-01,1250.75,5.10002093333,73.82345361448,4922.85833333333,0.338188708,48.07,94.67124447429,96.7906297791,1814.72,96.65197229461,2.160748062
2014-12,1200.62,5.37192406667,78.77555300541,4926.225,0.337968246,62.33,96.80832341317,99.68012291879,1909.46,99.01918520106,2.197344754
2014-11,1175.33,5.7650813,82.89030710653,4922.275,0.356927978,78.44,98.27635586885,98.00917590717,2055.55,101.43071507662,2.272081372
2014-10,1222.49,5.8973585,82.60746972981,4943.225,0.36927385,87.27,98.0117360525,92.92139416761,1946.19,106.8174739915,2.30823714
2014-09,1236.55,5.999322175,85.07021667072,4923.76666666667,0.353400586,97.34,98.41677316574,92.92070860317,1990.43,104.85108136214,2.216084024
2014-08,1295.13,5.71547735,88.03385374179,4919.96666666667,0.379635564,101.92,102.07335164727,99.1438978885,2030.49,106.86479563149,2.21013155
2014-07,1310.59,5.01771512,88.18183043721,4991.25833333333,0.402563612,106.98,103.16157102373,101.04478131267,1948.3,104.28195870997,2.244082698
2014-06,1279.1,4.41475155,84.35901480662,4996.075,0.400579454,111.87,105.15654517267,106.71211783279,1838.95,103.14169987779,2.180589642
2014-05,1288.74,4.2769628,84.84713666365,5117.55833333333,0.402784074,109.68,107.1780287768,112.92702892622,1751.05,105.07068882971,2.270317676
2014-04,1298.45,4.2218473,85.47825515708,5089.1,0.39132005,107.79,107.20639349597,113.13011720397,1810.67,106.13342017487,2.32697641
2014-03,1336.08,4.3651476,82.97936173713,5083.59166666667,0.39462698,107.4,107.99640261675,114.48559153379,1705.37,103.23011986208,2.323008094
2014-02,1299.58,4.19428955,86.16332398817,5051.89166666667,0.366187382,108.81,106.09753631922,110.30657714206,1695.17,94.5519587159,2.11423058
2014-01,1244.27,4.13917405,88.07568877782,4924.33333333333,0.344582106,107.42,102.33820798736,105.54831216822,1727.41,85.80420258448,1.934113126
2013-12,1221.5119047619,4.1116163,88.71366598638,4835.15,0.36489610457,110.674,103.37675732018,107.64430020195,1739.81,84.77970882199,1.937640518
2013-11,1275.86,4.03996615,87.82071529155,5051.89166666667,0.38937788476,108.07619047619,103.29575697368,109.00671489211,1747.96428571429,81.50600394254,1.75721861648
2013-10,1316.58,3.926979375,89.07356330013,4770.04166666667,0.41145877443,109.47869565217,104.04968615309,111.74719300587,1814.58260869565,83.05523669754,1.84526694
2013-09,1348.6,3.877375425,88.15323760672,4709.96666666667,0.3835928569,111.62142857143,103.62006327237,111.70016770434,1761.30476190476,82.60372273811,1.93514194867
2013-08,1351.74181818182,3.88380556667,89.63748054703,4675.55,0.37548687,110.96454545455,103.7512873166,120.93089062664,1817.61590909091,82.525536404,2.072583304
2013-07,1285.51565217391,3.9021774,85.66884144195,4635.35833333333,0.371187861,107.71608695652,105.5954515233,132.26001168592,1769.60869565217,81.50669770268,2.09895160487
2013-06,1343.35,3.86543373333,85.4117449957,4493.375,0.3768356966,103.11,107.73449261738,138.72691087038,1814.5375,80.65428597931,2.0014752901
2013-05,1414.02695652174,4.19759648,88.3155085324,4342.71666666667,0.38851417,103.02695652174,108.06296023145,140.02246879747,1832.02173913043,84.75591987048,2.18643667765
2013-04,1487.85727272727,4.262081615,90.7332321538,4366.9,0.392512549,102.87545454546,106.04360186512,136.09231777678,1861.67045454545,84.58630496009,2.241657616
2013-03,1593.08619047619,4.22735885,94.54730708283,4377.35833333333,0.40773866737,109.24,108.3844804413,143.0186482782,1909.56666666667,83.53636843226,2.342629212
2013-02,1627.57,4.279718575,101.34065726775,4390.59166666667,0.40283306556,116.5195,110.41770250031,142.8549061375,2053.595,83.89454217474,2.293466186
2013-01,1671.84782608696,4.307276325,100.28575364763,4416.93333333333,0.416101983,112.97363636364,111.52264974322,144.79707907567,2037.75,86.17019417678,2.197785678
2012-12,1684.762,4.31554365,97.42328329313,4341.30833333333,0.425712122,109.6765,112.41378349986,147.24982297755,2086.76315789474,87.01777122583,2.129442458
2012-11,1721.64,4.246649275,92.41514908431,4268.775,0.42635251162,109.71181818182,113.03223554791,151.86012167557,1948.82954545455,88.86491710781,2.153252354
2012-10,1746.58,4.01020378,94.00176961033,4223.95,0.44778707791,111.97347826087,115.19316804312,151.43495746123,1974.3,91.95158900073,2.303166514
2012-09,1744.81,3.97382755,93.5892224785,4191.46666666667,0.44065712495,113.3825,118.45078918544,151.19583872991,2064.12,95.46417617845,2.31374869
2012-08,1630.31,4.04106846,87.65118551064,4207.93333333333,0.460324656,113.34,118.60329913768,153.68925998217,1845.37608695652,93.70902267381,2.34838039461
2012-07,1594.29,3.98815758,91.1857005338,4191.41666666667,0.504417056,103.14090909091,118.6930878268,153.58440302702,1876.25,94.19263750029,2.360266172
2012-06,1598.76,4.0454777,91.63118125981,4282.96666666667,0.451285714,95.58904761905,110.67357503133,132.52153046544,1890.17857142857,88.69010563338,2.33028334
2012-05,1589.04,4.108860525,96.62863982128,4355.23333333333,0.458781422,110.52173913044,113.11582518492,131.71167757499,2007.63095238095,92.51905909998,2.356297856
2012-04,1649.2,4.235626175,100.95386652161,4354.075,0.50155105,120.4635,114.75003900049,129.66108521716,2049.67,91.30368994278,2.24430316
2012-03,1675.95,4.268695475,103.54326762651,4379.00833333333,0.53131342,124.92863636364,114.64146778616,132.79212981822,2184.16,92.19391691837,2.283324934
2012-02,1744.82,4.2769628,104.00500763309,4417.525,0.531754344,119.70238095238,113.41096906368,130.96249383678,2207.92,97.0046644488,2.247169166
2012-01,1654.05,4.19649417,100.50247509191,4414.58333333333,0.519408472,111.15619047619,110.96072960256,129.39538175997,2144.2,98.70609623182,2.132308464
2011-12,1639.97,4.191533775,95.07594280566,4438.68333333333,0.507944448,107.90904761905,109.05897175754,128.35561741273,2022.25,97.7556395216,2.169566542
2011-11,1739,4.16452718,95.83966482156,4522.575,0.529549724,110.50409090909,112.21732136455,134.9698945119,2079.98,103.58772964873,2.143772488
2011-10,1666.43,3.860840775,98.38978774846,4582.75833333333,0.56107579,109.46857142857,115.60135569677,134.92079965547,2180.65,106.69178344541,2.16273222
2011-09,1772.14,3.87461965,109.08108734898,4595.3,0.587751692,110.87909090909,121.56685897332,142.43418536213,2293.46,114.82628656004,2.338219972
2011-08,1759.01,3.98815758,114.76937520668,4569.35833333333,0.61178205,110.08130434783,123.1878151112,144.87648176432,2379.35,117.82214175651,2.470717634
2011-07,1572.75,3.95178135,120.98702273544,4458.56666666667,0.622143764,116.46,122.55148060308,138.6903747644,2525.43,119.14831386475,2.485268126
2011-06,1529.36,3.90438202,116.97693495795,4389.70833333333,0.555784702,113.75772727273,123.21531653323,141.75840849393,2557.76,118.79154251288,2.60034929
2011-05,1512.58,4.02894305,118.49279648344,4431.15,0.48391409,114.45818181818,123.89379728807,142.39831650156,2596.45,122.48851949519,2.689195476
2011-04,1480.89,4.2549166,124.28530280696,4606.99166666667,0.537045432,123.07,127.39302568287,142.90802539471,2678.11,124.7371061526,2.587562494
2011-03,1423.26,4.14027636,121.37058532795,4537.675,0.578492288,114.44130434783,125.77644510852,134.78163939981,2555.5,124.81180390787,2.604317606
2011-02,1374.68,4.048233475,125.81963076352,4317.06666666667,0.649701514,103.9555,130.06455804925,140.63044813685,2508.175,124.6314081428,2.41075197
2011-01,1360.46,4.09691883333,120.8067798945,4370.775,0.652787982,96.29428571429,124.31783526938,131.58028374977,2439.525,116.40276508423,2.228650358
2010-12,1390.553,3.74417963333,114.52350827588,4354.80833333333,0.616872718,91.79652173913,118.80001137872,126.92491855198,2350.667,111.56568166848,2.074326958
2010-11,1369.886,3.4392072,109.42690316234,4372.175,0.58091737,85.67,113.67731334842,119.25137543132,2333.068,106.76718655999,2.029132248
2010-10,1342.024,3.41164945,108.27305434035,4357.49166666667,0.542556982,82.9180952381,108.89972496734,116.43334747965,2346.57,103.26963062619,1.879879474
2010-09,1270.977,3.3510224,100.63755177404,4358.35,0.496259962,77.78681818182,103.81962115295,109.28437978418,2162.341,102.84608683663,1.791915136
2010-08,1215.81,3.364801275,97.58761195116,4350.09166666667,0.408075162,76.69318181818,99.87024023127,98.12503077498,2118.143,103.28615272056,1.822779816
2010-07,1192.966,3.210477875,89.19850455079,4381.85,0.384926652,74.73545454545,95.68168969147,89.04030699173,1988.273,103.15595128193,1.879879474
2010-06,1232.92,3.196699,89.09092808728,4337.80833333333,0.350093656,74.83818181818,92.48143327182,81.95682297213,1931.386,98.99215055136,1.695793704
2010-05,1205.434,3.47778805,96.01636655021,4244.575,0.33510224,76.25095238095,92.3374508555,87.62720442447,2040.526,94.84764321987,1.556682182
2010-04,1148.688,3.596286375,108.14545826422,4179.79166666667,0.36265999,84.97857142857,93.1475669052,88.62498319851,2316.725,94.57830078221,1.576744224
2010-03,1113.337,3.34881778,99.41678341999,4206.93333333333,0.411382092,79.2747826087,91.6975627826,90.97870232692,2205.63,90.70664936901,1.48260695
2010-02,1095.413,3.12504885,91.1065927433,4389.29166666667,0.559753018,74.312,93.43052129812,93.71402226401,2048.925,93.15524690321,1.496496056
2010-01,1117.963,2.951435025,96.57673688045,4465.53333333333,0.583562914,76.373,96.15686411658,98.03890580013,2235.15,96.82931948055,1.544997696
2009-12,1134.724,2.7998674,90.2933621993,4460.68333333333,0.518747086,74.66954545455,95.04241812102,99.47081447698,2180.095,96.80255165085,1.5407207332
2009-11,1127.036,2.755775,84.69645851051,4427.4,0.490748412,77.03666666667,94.14922356019,98.69888852423,1949.286,94.82338935993,1.531769976
2009-10,1043.159,2.648299775,80.52635177315,4329.45,0.499125968,73.19409090909,91.56903935458,92.72164614087,1878.568,95.44874318091,1.620616162
2009-09,996.591,2.72711494,77.94030774342,4300.35,0.508385372,67.68681818182,90.11729301652,89.07850022652,1834.114,92.46465063088,1.627450484
2009-08,949.375,2.7337288,81.62767897716,4272.55833333333,0.494716728,72.50476190476,90.84179222336,92.50624923906,1933.75,89.31887213943,1.59504257
2009-07,934.228,2.7337288,69.66553685381,4238.85833333333,0.406311466,64.91,88.2599158532,97.30365753407,1667.957,85.46621441594,1.580271616
2009-06,945.67,2.692392175,65.56631045343,4245.09166666667,0.362219066,68.61681818182,92.05297378273,107.38429528131,1573.727,85.21767424024,1.626789098
2009-05,928.645,2.63672552,59.4276484875,4226.725,0.353621048,57.94095238095,91.73376275286,104.98827491375,1460.447,82.55132406663,1.667133644
2009-04,890.2,2.55515458,56.73932440549,4191.175,0.30093063,50.84523809524,86.32408220181,99.93652196138,1420.85,79.35323374204,1.665149486
2009-03,924.273,2.477441725,51.82135539392,4203.6,0.29541908,46.83909090909,83.07396748431,101.2557807528,1335.841,76.00409835907,1.682345522
2009-02,943,2.361699175,51.01072497992,4097.5,0.292553074,43.2425,83.98286707686,100.38541462287,1330.2,77.78605109439,1.768546164
2009-01,858.69,2.516022575,51.68612290621,3828.99166666667,0.277561658,44.86,84.59471683859,103.63499710547,1413.119,77.93700258209,1.824102588
2008-12,816.092,2.47652313333,50.63123693475,3775.49,0.25904285,41.58090909091,79.29835174739,95.16945657517,1490.429,71.90225684644,1.819031962
2008-11,760.863,2.535313,58.7096512292,3740.82,0.266979482,53.241,82.01323641581,98.73541503606,1852.425,69.72570105692,2.000913112
2008-10,806.62,3.02914788,72.29347635486,3804.36,0.26234978,72.84260869565,86.66163129774,108.00967096205,2121.413,74.40589698801,1.957041174
2008-09,829.932,3.56597285,98.02210471799,3748.63,0.298285086,99.06409090909,101.60659182044,131.4211152222,2525.818,87.24676152993,2.323228556
2008-08,839.025,3.734075125,109.90311983671,3704.49,0.322094982,113.84904761905,106.40519827945,136.63201485221,2764.375,90.58070298052,2.481520272
2008-07,939.772,3.871863875,118.90987058632,3654.88,0.313717426,133.87304347826,115.21859332439,146.36402112939,3071.239,92.97050039663,2.540383626
2008-06,889.488,3.568728625,117.97931591988,3565.33,0.267420406,133.04857142857,116.69376646786,154.83884448571,2957.857,92.11981732849,2.454623908
2008-05,888.663,3.38850094,121.31300547041,3485.76,0.266097634,123.93619047619,112.89944803326,151.89199346123,2902.9,86.19326742219,2.400390256
2008-04,909.705,3.023085175,125.45220505939,3410.54,0.276900272,110.18772727273,112.37633995346,156.6350547208,2959.273,85.38818786626,2.453521598
2008-03,968.434,2.940411925,126.25735791172,3348.3,0.29100984,103.2775,111.03025104296,143.19459706296,3005.289,88.44330099914,2.687872704
2008-02,922.298,2.835692475,117.66387307462,3387.51,0.297844162,94.81666666667,105.14658939926,130.12542642062,2776.929,87.1711238998,2.54523379
2008-01,889.595,2.686549932,109.54930435146,3438.78,0.263893014,91.92045454545,97.44840147167,115.28288704698,2445.523,78.27319322629,2.187203502
2007-12,803.203,2.6345209,105.31024055676,3433.31,0.235232954,91.45,92.70989449961,108.17541233047,2381.694,75.44188650884,2.014802218
2007-11,806.248,2.603105065,112.14130372209,3348.08,0.22266662,92.52818181818,89.81955633171,99.49170678582,2506.886,72.04785776412,2.041257658
2007-10,754.604,2.55515458,114.419785097,3280.16,0.220462,82.85782608696,87.28083705194,98.87390830559,2442.37,72.04962776048,2.00840882
2007-09,712.653,2.60696315,108.1843053398,3302.92,0.215170912,77.127,85.01174783074,96.31289493912,2391.25,70.68465772669,2.045446436
2007-08,665.411,2.61027008,105.4904970349,3307.6,0.216273222,70.79652173913,81.6736102924,86.49807104741,2515.773,68.40025370262,1.927719728
2007-07,665.38,2.5904285,111.0602077201,3364.03,0.224430316,77.20409090909,81.18074199254,83.6650851721,2732.44,71.36770193297,2.039493962
2007-06,655.66,2.620742025,110.02408356799,3409.32,0.204809198,71.31619047619,79.81689133455,85.78298252288,2676.93,69.69727201115,2.043241816
2007-05,667.31,2.58381464,116.37934253623,3397.24,0.207895666,67.47608695652,77.04652803714,80.71130279216,2792.75,66.53113040911,1.849896642
2007-04,679.368,2.593184275,114.37652220803,3361.26,0.214289064,67.39842105263,75.63705738358,79.18509922264,2814.789,66.17029677939,1.754436596
2007-03,654.895,2.60696315,104.58692035619,3298.14,0.230162328,62.14363636364,74.97249277105,83.30795215875,2761.727,64.40723465243,1.6975574
2007-02,664.745,2.61798625,98.6930611931,3182.84,0.233028334,57.757,75.07624822339,84.54305342429,2832.2,64.33371502805,1.743413496
2007-01,631.166,2.6124747,96.82743702612,3095.78,0.24140589,54.29909090909,73.21796329751,81.24080474507,2809.341,63.47668909046,1.744515806
2006-12,629.791,2.67310175,101.76709173605,3063.55,0.255074534,62.31473684211,72.500430486,80.68397056235,2813.632,64.23078615244,1.690282154
2006-11,627.827,2.6786133,101.06505373314,3149.23,0.259704236,58.48318181818,71.37995419781,81.59923653716,2702.795,61.37691560561,1.692927698
2006-10,585.78,2.598695825,101.69728706623,3152.8,0.256617768,58.38,69.09455986057,76.97969066785,2654.591,58.84795508452,1.657212854
2006-09,598.186,2.5904285,97.79142159722,3119.58,0.266318096,62.7719047619,67.435965319,70.68302658573,2472.881,59.72664859619,1.699982482
2006-08,632.593,2.59263312,98.00816204438,3038.08,0.29797835626,73.61217391304,68.09818865009,69.05734047072,2459.932,60.53059208543,1.622379858
2006-07,633.71,2.538068775,97.16914952323,2955.27,0.35384151,73.89714285714,68.11512083171,70.01210076846,2512.714,59.15041211989,1.421759438
2006-06,596.145,2.45263975,91.45682883415,2854.88,0.33951148,68.85772727273,67.25890581465,67.88223059857,2477.341,57.2744327605,1.327842626
2006-05,675.393,2.48460674,101.26719189323,2831.11,0.370817084,70.18727272727,68.51804108338,67.66620458496,2861.476,57.72686667153,1.324535696
2006-04,610.653,2.481850965,87.79851435963,2824.88,0.385588038,70.44210526316,66.14107445625,65.09409941297,2621.111,58.38916923908,1.33489741
2006-03,557.093,2.4471282,76.34994982276,2828.38,0.380076488,62.25304347826,65.78963270586,63.91991581679,2429.13,56.99424886307,1.31395352
2006-02,554.995,2.5242899,75.58032538622,2895.37398835948,0.397713448,59.923,67.04396086005,64.83776044203,2455.325,59.45635633178,1.388469676
2006-01,549.864,2.504999475,73.12580179226,2917.2121956324,0.34722765,63.57428571429,65.01437951288,61.84671430832,2377.857,59.41269513867,1.397508618
2005-12,510.097,2.54082455,69.36903412299,2946.0871956324,0.293434922,56.7475,62.93031046933,60.7495614477,2247.45,54.10868279909,1.243185218
2005-11,476.666,2.5794054,64.3557698844,2860.42768760873,0.250885756,55.535,61.64470985336,58.61686393581,2050.591,53.0907765122,1.13427699
2005-10,469.898,2.5683823,61.68131501242,2770.56331914306,0.245153744,58.5219047619,62.19442335397,61.3466083971,1928.714,52.52704369707,1.047855886
2005-09,456.048,2.65105555,60.04192687353,2760.72854089986,0.227296322,62.98181818182,61.32242353942,59.11672092859,1839.909,51.79335832759,1.033305394
2005-08,437.93,2.645544,60.14032431121,2746.67708144165,0.218918766,64.09,60.64263629128,58.96642996885,1867.841,53.70980253694,1.145741014
2005-07,424.479,2.70617105,57.77035895045,2791.86275210174,0.212525368,57.57904761905,61.46290065947,59.23110057827,1778.786,55.08652352852,1.276034056
2005-06,430.657,2.660094492,57.62067215179,2817.64279910233,0.19951811,54.30681818182,61.66998837288,57.15288230336,1731.295,57.72240477752,1.323212924
2005-05,421.873,2.67751099,56.64913293824,2795.59958258039,0.189376858,48.66590909091,61.89917656141,57.37777258094,1743.7,57.9636004734,1.236130434
2005-04,429.233,2.60696315,59.0539913762,2787.20897930686,0.189376858,51.85714285714,62.11811226217,57.60687539108,1894.286,59.15000271613,1.11884465
2005-03,433.85,2.63893014,60.22413855165,2769.41375397174,0.195770256,53.08409090909,63.57401742446,59.2809880258,1979.85,61.15262715996,1.091507362
2005-02,423.35,2.587672725,57.93918388268,2734.03133522637,0.20062042,45.557,60.44135895887,57.7119386537,1882.85,56.10726684936,0.909185288
2005-01,424.03,2.54082455,56.3984442549,2695.57553219759,0.192242864,44.28333333333,58.59287821113,58.34382229737,1834.425,52.26067465251,0.814827552
2004-12,442.079,2.59410286667,52.65549246821,2708.32,0.18188115,39.64428571429,58.16638007238,57.67631334409,1849.179,53.59882304645,0.809536464
2004-11,439.375,2.609718925,52.09679270685,2711.83,0.179896992,43.05363636364,57.85978414609,56.52541085737,1813.898,50.89233327825,0.721131202
2004-10,420.464,2.62900935,51.64550163451,2705.79,0.18629039,49.8180952381,57.48984415609,54.69280640321,1819.57,46.93262304687,0.698203154
2004-09,405.275,2.769553875,49.28001777648,2675.17,0.169535278,43.38136363636,58.32428122496,55.08901032001,1723.602,48.09024769683,0.754861888
2004-08,400.51,2.80648126,48.78671895282,2723.65,0.166969902,43.03,58.65766696495,55.63543263713,1692.19,48.75256604001,0.747586642
2004-07,398.091,2.675857525,49.34189342259,2732.03,0.174385442,38.37045454545,59.34633639389,56.73159905365,1709.273,46.97012165449,0.794104124
2004-06,392.373,2.57058692,47.80391316627,2768.78,0.152780166,35.19136363636,60.69054584378,61.38623412324,1677.716,46.66497347085,0.878981994
2004-05,383.779,2.527045675,46.46839229644,2769.73,0.139772908,37.91631578947,62.16115000389,63.60433418905,1623.224,45.44265160097,0.806009072
2004-04,403.26,2.25091702,49.42375066392,2765.33,0.145063996,33.36227272727,63.16890932775,65.64924468372,1729.738,45.38103382465,0.801820294
2004-03,406.667,2.14399295,49.25615688544,2773.99,0.142418452,33.79913043478,63.60131104832,63.96866257404,1655.989,45.71194573936,0.80909554
2004-02,404.878,2.1935969,48.74794479501,2779.65,0.128749808,30.866,61.5001346713,60.77971872471,1685.625,46.48923172177,0.81681171
2004-01,413.788,2.37988729,45.86871710109,2768.31,0.128088422,31.17523809524,60.03279814377,59.61431953238,1606.488,46.76451891461,0.878320608
2003-12,406.953,2.340572,42.72864402167,2674.11,0.138383,29.92666666667,58.40095182669,57.73616934213,1554.905,45.0439852419,0.7914586
2003-11,389.91,2.441617,40.39656911934,2642.11,0.1340409,28.772,58.26659052187,56.29330330346,1508.338,42.83201603668,0.7519958
2003-10,378.92,2.169346,38.83244745573,2685.64,0.1320567,29.59043478261,57.00252411675,54.14032644479,1474.25,43.3668988666,0.7910177
2003-09,378.945,2.138481,36.80479292,2687.01,0.1318363,27.09818181818,54.19307567679,53.64087078612,1415.568,45.32499905937,0.8234256
2003-08,359.768,2.00896,36.89844781826,2674.65,0.1505755,29.82571428571,52.67350970404,53.01851136577,1456.313,43.75757597555,0.800277
2003-07,351.02,1.785742,36.21383872155,2625.1,0.150796,28.39826086957,51.76424774165,50.65714345746,1436.087,44.12648038846,0.7793332
2003-06,356.352,1.725115,35.68727630682,2589.77,0.1483709,27.54571428571,52.42707165766,53.58979642254,1409.845,42.94549778447,0.7542005
2003-05,355.683,1.748264,35.12390074683,2589.74,0.1580713,25.8095,52.86921259112,54.58597657259,1398.488,46.11062153833,0.8333463
2003-04,328.18,1.821567,33.7632193579,2617.637,0.1708581,25.016,53.21860049622,53.55383918299,1332.013,47.86791000114,0.8249688
2003-03,340.55,1.849125,35.09271376163,2660.52,0.1814402,30.33904761905,53.73374899333,54.0484205974,1389.274,47.28495831942,0.8194572
2003-02,358.97,1.846369,35.71494977234,2651.2,0.1986363,32.6485,54.48090885314,55.24226539185,1422.16,52.99461624911,0.896619
2003-01,356.859,1.881643,34.72426392105,2655.74,0.1805584,31.24666666667,54.46327022947,55.27890410972,1378.284,51.95726567624,0.9078625
2002-12,331.92,1.8519,33.77978551933,2718.02,0.1753,28.52095238095,54.08956754508,56.11613880615,1375.07,49.3535060361,0.8391
2002-11,319.07,1.7981,33.65796016088,2706.18,0.1726,24.18476190476,53.1801637405,58.31653568886,1372.2,48.04482153937,0.8358
2002-10,316.56,1.9173,32.17169872195,2687.8,0.1656,27.54869565217,54.07346707827,59.92786251686,1310.58,51.62033695669,0.7348
2002-09,319.14,2.0523,31.94689706607,2670.53,0.1534,28.34238095238,53.93196856306,60.62448573017,1301.25,50.07027808508,0.7072
2002-08,310.26,2.1105,31.83382762712,2722.29,0.1387,26.63285714286,52.24506647028,56.73673483068,1291.6,45.63387019323,0.6146
2002-07,313.29,2.1434,33.28193007945,2770.95,0.1409,25.76782608696,51.52594402651,53.55095976716,1338.09,45.45869577602,0.6305
2002-06,321.18,2.07,33.70246560159,2775.45,0.1268,24.12789473684,49.89224200644,50.54039608291,1353.97,43.08313839389,0.6266
2002-05,314.49,2.1267,33.17493691349,2766.3,0.134,25.38727272727,48.14856302994,48.0340184482,1343.3,42.45604533749,0.6243
2002-04,302.68,2.287,33.62521508215,2733.82,0.1519,25.65409090909,47.51825226384,47.10824341582,1369.99,43.02033856922,0.6468
2002-03,294.06,2.4037,33.98256786236,2756.25,0.1477,23.6905,47.33505561537,47.5191210827,1405,42.76669010825,0.6415
2002-02,295.5,2.2708,33.03548773288,2785.51,0.1437,20.2915,46.31361927758,48.26073546192,1369.34,40.19199690024,0.5373
2002-01,281.51,2.2259,32.81834038697,2840.58,0.1713,19.485,46.23166606805,48.52995851671,1368.59,38.68542546775,0.5029
2001-12,275.85,2.223,32.08343754207,2873.44,0.1727,18.60473684211,46.08724597624,47.50125416857,1344.63,38.27364068644,0.5368
2001-11,276.16,2.2989,31.61900550445,2965.41,0.1695,18.94227272727,45.91897078525,46.90260961171,1327.46,37.24936893157,0.5221
2001-10,283.06,2.2794,30.64935747626,2992.43,0.1497,20.47826086957,44.75389574253,45.87016001253,1282.5,34.7736773914,0.5124
2001-09,283.42,2.3656,31.79740724375,3049.57,0.1662,25.544,47.05226915227,46.59243223647,1344.56,34.93624153907,0.5351
2001-08,272.39,2.2446,32.66504422612,3047.8,0.1788,25.69782608696,48.63469923084,46.95378967529,1377.08,35.84722475997,0.5692
2001-07,267.53,2.1716,33.68626152871,3065.2,0.1938,24.53818181818,48.71759629112,46.98708796104,1416.39,35.71554371683,0.6047
2001-06,270.23,2.0834,35.0963659136,3050.33,0.1993,27.72428571429,46.79701731717,45.2771622602,1466.13,36.50729174155,0.6431
2001-05,272.36,2.0191,36.63165039991,3060.66,0.2113,28.45047619048,46.78260178237,45.95874900013,1538.77,38.66269489625,0.6512
2001-04,260.48,1.9873,35.82407988345,3032.72,0.1939,25.641,46.22171970776,46.07578129983,1496.91,38.06921912915,0.6281
2001-03,263.03,2.0128,36.3765433986,3032.72,0.2044,24.39545454545,46.85059743769,47.28794639761,1509.17,38.74270795627,0.6729
2001-02,261.87,1.9304,37.86784249779,2975.29,0.2176,27.406,47.32046742841,47.99836465163,1604.36,37.03799833045,0.6962
2001-01,265.49,1.9359,38.30008728469,2909.81,0.2275,25.63636363636,48.10390153299,49.30583243865,1615.65,38.98522189076,0.7143
2000-12,271.45,1.9434,38.00628388152,2893.94,0.2209,25.1255,48.1366836572,49.3093519233,1565.41,37.25385423921,0.6698
2000-11,266.01,1.9335,36.61588587022,2948.7,0.2189,32.52409090909,47.37180059439,47.37473781376,1473.86,38.52426671967,0.7233
2000-10,270,1.8272,37.67860971363,2970.72,0.237,30.9323,47.60664577444,46.52235119918,1500.24,40.2969150127,0.7967
2000-09,273.68,1.823,39.85122164567,2938.45,0.2211,32.621,47.5112575381,43.71045344523,1601.21,40.95041282169,0.8561
2000-08,274.47,1.907,38.04919912806,2970.09,0.2302,29.43,47.7253335726,42.12175687879,1527.63,41.0715722284,0.8433
2000-07,281.59,1.9164,38.18283526881,2934.73,0.2125,28.53,47.94654399645,42.361370968,1563.5,44.8350003452,0.8999
2000-06,285.73,1.9436,37.28626163755,2969.94,0.1845,29.6773,49.22346573361,45.29083669282,1506.31,43.5672774151,0.9409
2000-05,275.19,2.0042,37.66883581047,2985.18,0.1526,27.34,50.13880042716,47.93192251465,1466.79,45.55020573337,0.9771
2000-04,279.69,1.9839,36.80181891427,3048.4,0.1325,22.54,50.33261638078,47.85147258652,1457.14,44.40491366208,0.98
2000-03,286.39,1.9932,38.7908711575,3030.14,0.1127,27.47,49.89755902514,48.50443886333,1577.05,45.68748163797,1.0196
2000-02,299.86,1.9654,40.00468294708,2985.46,0.1173,27.7048,50.43262478028,49.695420384,1670.27,46.06559035092,1.0772
2000-01,284.32,1.9445,40.05483134732,3038.81,0.1241,25.38,50.36397593787,49.06889309084,1680.28,48.99205805853,1.1724
1999-12,283.07,1.9595,37.86154665793,3083.62,0.1318,25.59,49.94446933249,46.82172067869,1554.48,53.19718384772,1.4725
1999-11,293.18,1.9385,36.56180407173,2961.74,0.1435,24.59,49.98012951501,46.85069595905,1472.76,51.28390140611,1.39
1999-10,310.72,1.866,36.30850950756,2929.71,0.1488,21.95,50.08440424519,46.15382456017,1474.41,48.99230801852,1.2901
1999-09,264.74,1.9066,36.64032135461,3034.31,0.147,22.4,50.31357560556,47.61234785946,1492.48,47.48804405499,1.3133
1999-08,256.69,2.0728,35.01703141692,3007.82,0.1263,20.22,49.57918611247,48.24730426417,1431.32,47.36412783888,1.3905
1999-07,256.08,1.7963,34.24665893024,3044.28,0.1186,19.01,48.44796888215,47.88263190611,1403.76,49.59526136753,1.3572
1999-06,261.31,1.7622,31.73355365036,3041.54,0.1332,15.77,50.10285584622,50.71781617741,1315.31,52.40529552056,1.446
1999-05,276.44,1.7604,32.51382414052,3041.54,0.1263,15.14,50.52732314823,50.07624474216,1323.46,53.0012452625,1.4978
1999-04,282.62,1.7441,31.53309319072,3006.36,0.1195,15.3,50.53061174602,49.952329536,1278.2,51.58408333599,1.5282
1999-03,285.96,1.799,29.87394266472,3058.83,0.1329,12.47,51.3188824347,51.96630976622,1181.59,53.65825409097,1.6186
1999-02,287.33,1.804,29.93318184288,3173,0.1504,10.2,52.72616259242,52.96609463368,1186.85,55.83066793729,1.7467
1999-01,287.08,1.7108,30.09960504959,3111.44,0.1788,11.06,55.22026614688,55.88880637525,1218.46,58.73807092536,1.8142
1998-12,291.68,1.6832,31.06053020349,3103.56,0.1781,9.8,55.31734257094,54.28139630452,1249.06,60.22466116494,1.8532
1998-11,294.12,1.666,32.26146074116,3183.02,0.1777,10.92,56.3188485291,54.79364122429,1294.96,61.01027573788,1.7672
1998-10,295.93,1.6372,32.28445339708,3269.39,0.1645,12.56,55.47539995592,55.47898207328,1304.06,60.74446417551,1.7703
1998-09,288.98,1.6546,33.29164536137,3209.48,0.1594,13.36,55.02451636144,52.70237211028,1342.27,61.74779860808,1.7593
1998-08,284.11,1.6797,32.85344267545,3237.58,0.1882,11.8805,54.74074718924,53.05626622673,1310.9,64.05866479587,1.748
1998-07,292.87,1.667,33.10061460322,3283.3,0.1901,12.01,56.07669370184,57.52975946466,1309.21,63.32716046782,1.6984
1998-06,292.32,1.7081,33.14039550211,3329.61,0.1786,12.058,56.86809742686,58.77020563925,1307.24,65.03692004888,1.8239
1998-05,299.1,1.7725,34.5141995745,3391.41,0.2035,14.39,59.14238898033,59.7025527972,1364.72,69.76450937,2.0005
1998-04,308.29,1.8021,35.73286345087,3493.49,0.2134,13.39,60.64584171843,59.62160634596,1418.16,72.16898164782,1.9615
1998-03,295.94,1.8007,35.57519048816,3451.77,0.2169,13.08,60.31642201453,61.24079963825,1437.7,72.87823714901,1.812
1998-02,297.49,1.8098,35.42254759669,3497.56,0.2363,14.06,61.75469417912,61.22691125181,1465.56,77.55086036321,1.8378
1998-01,289.1,1.827,35.93957543187,3583.29,0.254,15.09,60.59974037497,60.7152119769,1485.79,77.59156975588,1.8389
1997-12,288.74,1.8581,36.96006622851,3631.5,0.2723,17,62.00523744092,60.18700868067,1530.51,77.60525206474,1.821
1997-11,306.04,1.8351,38.84278253917,3628.68,0.2648,19,62.84813163469,60.67115834948,1598.99,72.88731719765,1.6764
1997-10,324.87,1.7564,39.95107901738,3621.51,0.2509,19.85,62.77344727628,62.38247223321,1607.86,74.25971775689,1.6429
1997-09,322.82,1.7741,41.01297036229,3635.2,0.2498,18.45,63.9600139305,60.67566582917,1610.6,78.27504932449,1.6568
1997-08,324.01,1.8259,43.06443507775,3576.49,0.2579,18.71,64.50153695111,61.55802517248,1710.58,77.2347987422,1.6413
1997-07,324.1,1.8012,42.42014529247,3582.17,0.2474,18.4,65.37420507045,60.59364168344,1591.99,77.74667216072,1.756
1997-06,340.76,1.7661,42.71876981622,3604.59,0.252,17.55,67.91544325601,63.55997377983,1567.55,84.17350513168,1.9564
1997-05,343.84,1.907,43.01689391563,3557.14,0.2447,19.1425,70.17556389212,67.97064084891,1625.25,91.5290277227,2.0635
1997-04,344.47,2.0062,41.43156845647,3451.87,0.2491,17.47,69.94427533086,69.15233042461,1561.44,77.41831962403,1.7062
1997-03,351.81,2.0582,42.75151726426,3402.27,0.2449,19.21,70.41539821749,70.28907038521,1631.57,74.09344610867,1.7688
1997-02,346.58,1.8812,41.80655375527,3353.29,0.2383,20.83,68.50319417138,69.91477569563,1580.01,66.51753407498,1.6623
1997-01,355.11,1.7957,41.50688446783,3333.84,0.2357,23.47,66.96479767795,70.15422886612,1575.61,59.5020023647,1.4813
1996-12,369,1.8307,39.42852379911,3261.76,0.2368,23.9,64.94150610075,67.77369831452,1500.29,56.51431249723,1.3902
1996-11,377.85,1.8115,38.80787962479,3213.38,0.2363,22.64,65.37316301954,67.58751230893,1449.52,58.45926276156,1.5476
1996-10,381.07,1.7946,36.00959674808,3157.84,0.2452,24.18,65.59391754953,69.90593465555,1336.34,59.66102982313,1.6076
1996-09,383.14,1.7361,36.94388342507,3149.7,0.2628,22.59,67.71762904844,74.82868452411,1407.38,58.92332736271,1.6389
1996-08,387.35,1.7688,37.90542957207,3140.87,0.2727,20.58,69.43170937456,85.81022953666,1463.36,61.16529137246,1.7465
1996-07,383.47,1.7125,37.76093352329,3050.38,0.2824,19.61,70.03251083379,91.56497106181,1458.7,60.50872316213,1.7077
1996-06,385.27,1.6969,39.21842124876,2996.06,0.2683,18.27,71.09060546361,93.4046826619,1482.48,61.8719088545,1.8984
1996-05,391.93,1.7926,43.23018686183,2987.62,0.2511,19.12,72.8151115707,98.17450958341,1589.26,63.4343885014,2.0106
1996-04,392.85,1.7968,42.8967008516,2981.05,0.2641,21.01,71.84897378153,94.23610913111,1587.23,61.33742462095,1.9989
1996-03,396.21,1.7487,43.02965907245,2965.09,0.2846,19.99,68.95950372653,90.04957638715,1612.48,58.71896892342,2.0049
1996-02,404.76,1.832,42.63211633391,2890.78,0.2824,17.97,69.00849003318,86.54593020967,1591.55,60.11496080746,2.1361
1996-01,399.45,1.9017,42.80172033078,2869.95,0.2762,17.94,67.75247568504,83.39454239362,1589.34,56.57106557823,1.9839
1995-12,387.44,1.9275,45.10307962906,2800.9,0.2714,17.96,67.61783272884,80.27331170969,1656.74,56.22533445516,2.0479
1995-11,385.31,1.9619,45.50308064798,2744.74,0.2641,16.88,68.20548123394,78.63324006808,1654.07,63.4944721667,2.4412
1995-10,383.14,1.8647,44.57537969272,2689.44,0.2604,16.12,67.75248118049,80.22448649753,1674.32,63.22360896791,2.4859
1995-09,383.06,1.7968,46.27018763543,2689.09,0.2577,16.78,66.5964889082,75.20874457727,1760.83,64.8095253194,2.5364
1995-08,383.67,1.7313,48.80087045877,2691.66,0.2862,16.07,66.97416976568,72.03407028512,1888.32,70.05134384691,2.87
1995-07,386.23,1.689,48.51247386555,2642.87,0.2996,15.86,67.98524723896,73.42766266423,1860.1,67.18053832036,2.6403
1995-06,387.56,1.7615,46.8076960777,2587.47,0.3091,17.35,66.90432648627,68.15746306274,1780.05,70.32309422578,2.84
1995-05,385.22,1.8082,45.19018583462,2518.93,0.2981,18.38,67.01582058637,62.85980470262,1762.69,74.96878499351,3.1063
1995-04,391.03,1.95,47.02701509917,2501.1,0.302,18.67,67.00132296918,60.392671209,1849,75.5056254761,3.1918
1995-03,382.12,2.0673,46.5140555086,2586.76,0.3217,17.01,67.4428731128,60.87953388665,1805.07,76.73448343868,3.2194
1995-02,376.64,2.1709,48.00964371506,2673.19,0.3177,17.08,67.38470309599,60.20092634874,1916.15,74.22454392139,2.9694
1995-01,378.55,2.1552,51.23482807637,2595.13,0.3254,16.63,66.59881304408,60.23215233444,2060.55,74.17210022737,2.8999
1994-12,379.29,2.2256,48.11403795183,2681.41,0.3234,15.96,66.49554467239,59.22284215545,1878.31,72.12343456351,2.8601
1994-11,384.39,2.1887,47.10732566187,2693.64,0.3073,17.2,66.05573066627,57.57843860979,1892.59,78.1763684751,3.3803
1994-10,389.77,2.1248,42.85321480258,2699.88,0.2811,16.4,66.09659821521,58.13647378277,1698.05,84.27150437541,3.7352
1994-09,391.58,2.2081,40.75293438165,2634.62,0.2777,15.9,68.30302187991,57.08453459653,1569.22,90.28890651426,4.0297
1994-08,380.36,2.1995,38.51813053973,2608.14,0.2668,16.8,66.89890320551,54.71303794477,1455.36,84.83543726708,3.585
1994-07,385.49,2.1912,39.43307720418,2632.1,0.2596,17.6,66.61040178613,52.49267914424,1492.42,88.472658941,3.6155
1994-06,385.64,2.2324,37.82506382855,2641.3,0.2657,16.75,64.1564210087,55.15796374316,1400.58,66.40148402996,2.4776
1994-05,381.43,2.3907,35.64238023642,2674.01,0.2553,16.2,63.11642034487,55.88240371036,1322.59,59.61404281593,2.0933
1994-04,377.27,2.6277,33.38140467114,2651.55,0.2427,15.15,61.31145301849,58.92287265469,1278.72,48.32409802051,1.5833
1994-03,384.13,2.6903,33.77784090693,2595.42,0.2586,13.95,61.10507006591,60.42559312618,1289.03,48.30561725559,1.4265
1994-02,381.91,2.4936,33.47835092838,2553.72,0.2385,13.8,61.30920065698,66.59039919533,1269.93,46.38498461527,1.3404
1994-01,386.88,2.4216,31.91002809288,2634.14,0.2271,14.25,61.15121589939,68.98832076155,1174.59,46.06369231091,1.3093
1993-12,383.3,2.4626,30.5963716401,2594.74,0.2319,13.6,61.0765839735,66.07590266699,1094.3,48.13601290133,1.3627
1993-11,373.83,2.6411,29.11600949722,2629.38,0.2231,15.15,59.97556978286,62.6901655489,1039.81,46.94263282534,1.355
1993-10,364.18,2.6698,29.67706070978,2591.58,0.2269,16.6,58.92013998913,56.04171150717,1087.1,46.09749700906,1.299
1993-09,355.28,2.7337,30.98449262636,2605.88,0.2103,16,58.79956889288,51.21295271284,1115.38,46.967702741,1.3779
1993-08,378.84,2.8043,32.31581145917,2625.52,0.2059,16.7,58.89588062428,51.22756572746,1172.14,43.83304940626,1.2888
1993-07,392.19,2.8197,32.7955578516,2648.22,0.2134,16.8,59.13675873977,50.77693484913,1202.13,41.6056621899,1.0891
1993-06,371.89,2.7425,32.16689958934,2665.12,0.2291,17.65,57.00670783156,47.59383535602,1165.3,38.56159212985,1.0267
1993-05,367.18,2.6762,31.59776427912,2694.58,0.2608,18.5,58.06995955964,50.3234525946,1123.96,38.12079935953,1.0179
1993-04,342.15,2.5922,32.34425630669,2774.73,0.2458,18.65,56.35516062669,52.66180283445,1108.53,37.61218526652,0.9894
1993-03,330.08,2.5263,33.88187231681,2805.46,0.2341,18.75,55.18393198362,54.04363204425,1151.33,38.56594189539,1.0119
1993-02,329.31,2.3876,34.99664806749,2847.42,0.1887,18.45,54.51409632601,54.9968583776,1201.85,41.14388368146,1.0361
1993-01,329.01,2.3545,35.25215839568,2861.41,0.1817,17.4,54.06148232028,56.0934457275,1206.76,41.3864590148,1.034
1992-12,334.82,2.5417,35.43743605938,2950.87,0.1797,18.15,53.18561779316,55.15738940362,1207.1,42.70461833883,1.1202
1992-11,335.02,2.5406,34.52199900861,3097.86,0.1889,19.2,53.09480816246,54.96381123027,1159.05,40.97991884885,1.0509
1992-10,344.38,2.5003,35.75436919556,3244.52,0.192,20.3,52.52429847801,54.15529665687,1173.78,39.77626095994,0.9742
1992-09,345.43,2.4403,38.51590367305,3368.12,0.2053,20.25,53.44382042729,55.05737593565,1269.61,38.39659581039,0.9034
1992-08,343.06,2.4454,39.65904269779,3426.62,0.2162,19.75,53.86087889646,54.31355659297,1305.05,38.82998922298,0.8565
1992-07,352.72,2.3457,39.75749208829,3512.73,0.2273,20.25,54.10591811486,56.98137177144,1313.05,38.78423931516,0.864
1992-06,340.81,2.3347,38.07576718729,3565.88,0.2284,21.15,54.6017472869,59.76031950837,1275.55,37.06331677946,0.8195
1992-05,337.24,2.3766,37.98956896346,3597.63,0.2114,19.9,54.38448696246,59.88558187055,1306.79,37.96483607896,0.8307
1992-04,338.62,2.3847,37.99626169486,3631.04,0.2086,18.95,54.21265594055,60.82362495374,1317.05,38.70636356102,0.9118
1992-03,344.34,2.4493,37.40723984602,3611.67,0.1812,17.6,54.98068115101,63.6562380103,1280.47,39.80921244878,0.9389
1992-02,353.91,2.5241,37.12168567959,3634.89,0.1728,18.1,55.06148963313,63.81760653428,1266.83,40.01186863927,0.9385
1992-01,354.45,2.5715,35.58925579672,3632.64,0.1833,18.15,55.3066698277,62.07079828823,1177.07,43.16304169586,1.0765
1991-12,361.73,2.6081,35.1903462578,3665.05,0.1984,18.4,54.61005612885,60.00734572579,1097.55,45.13536081797,1.1197
1991-11,360.17,2.7073,36.29313267075,3585.13,0.1903,21.25,54.68966854889,58.78522694951,1134.8,45.14214146265,1.1112
1991-10,358.69,2.7198,36.2973023005,3681.13,0.2011,22.2,55.12278824769,59.37888670465,1150.03,44.87309218083,1.0115
1991-09,348.74,2.7448,37.02052712054,3541.1,0.2048,20.5,55.04605658899,58.76640745372,1211.81,46.10023279814,1.0287
1991-08,356.31,2.6411,37.32497564354,3531.14,0.2086,19.75,54.57412193846,58.40092140294,1256.45,43.22786741184,0.99
1991-07,367.69,2.6874,38.02393483645,3489.62,0.2273,19.45,53.69064108699,56.88286469748,1296.78,42.71052489865,1.0005
1991-06,366.72,2.7029,37.57754512502,3466.27,0.2028,18.2,54.20156426512,56.24313111135,1275.15,44.4380080766,1.0005
1991-05,356.95,2.6259,38.39872656187,3439.41,0.1671,19.3,53.82925045262,56.7986998396,1296.05,45.96409595333,1.0375
1991-04,358.38,2.6112,40.96169038362,3396.7,0.1875,19.25,54.91832729553,57.53675225902,1391.86,47.31684809127,1.1229
1991-03,363.34,2.5918,41.69856080585,3400.39,0.2015,19.45,55.53491703611,58.85283756815,1496,48.42714027989,1.1324
1991-02,363.83,2.7269,41.97567890119,3375.34,0.1876,19.4,54.95309948891,58.53981149531,1504.6,47.78616652664,1.1435
1991-01,383.64,2.5931,42.10661713671,3429.54,0.1941,23.65,54.443575017,56.72462654088,1515.18,48.5319619222,1.1647
1990-12,376.95,2.5477,42.07065322449,3388.44,0.2147,28,54.10720205716,53.58500918671,1522.44,50.34177137304,1.2447
1990-11,381.73,2.5342,44.03392106255,3400.25,0.2217,33,53.98597708972,53.7510800659,1617.5,49.41804732478,1.2231
1990-10,380.74,2.5851,49.2730641422,3287.27,0.2164,36.05,54.65623621447,54.43516582348,1945.7,51.72723155826,1.2392
1990-09,389.32,2.6969,53.22938110319,3430.39,0.243,34.1,54.67574415528,53.38308428731,2066.53,52.79297029804,1.228
1990-08,394.73,2.6541,49.59725355585,3483.54,0.241,27.05,54.66811215642,55.36185182059,1782.02,50.9745473566,1.1856
1990-07,362.53,2.5589,45.48618066733,3446.4,0.2643,17.55,55.14409523133,57.01607024483,1570.96,49.99117136936,1.1039
1990-06,352.33,2.504,44.28126022503,3420.22,0.286,15.7,55.17129206096,59.49236882698,1565.79,49.89092326042,1.1171
1990-05,369.05,2.48,44.83477329125,3406.65,0.3225,16.7,56.33814368325,61.1609902631,1526.93,53.66245046535,1.1821
1990-04,374.24,2.472,44.4703350457,3354.45,0.336,16.75,56.86139942052,62.75506389029,1525.55,52.79641729203,1.2335
1990-03,393.06,2.4839,44.82549356261,3361.05,0.3386,18.45,56.54091602251,61.28278794073,1567.39,52.25736811839,1.2292
1990-02,416.81,2.4573,40.59151527006,3384.92,0.3229,19.9,56.11091908686,61.73690207011,1454.28,46.58137857647,1.1036
1990-01,410.11,2.7847,41.3584199976,3342.65,0.313,20.95,55.89994289012,60.99292007746,1528.25,44.42224471118,1.0907
1989-12,409.39,2.877,43.2731336815,3337.65,0.2956,19.85,55.3981913569,61.08854517222,1633.26,42.59181856419,1.1317
1989-11,394.26,2.8418,45.74177470205,3333.87,0.3312,19.15,55.8981909602,60.5189274482,1736.09,43.07866077841,1.1744
1989-10,366.88,2.7448,48.82129338189,3339.52,0.3184,19,56.55764676454,62.61753691544,1820.02,44.29601589345,1.1806
1989-09,361.75,2.6477,48.0793557012,3304.64,0.3115,17.8,56.55481479849,62.59921479448,1717.93,48.29728276092,1.3234
1989-08,365.14,2.5481,49.28257806599,3229.12,0.3086,17.1,56.29204670851,62.95108493611,1798.32,47.6799478194,1.314
1989-07,375.04,2.4928,47.08425031222,3257.04,0.309,17.75,58.5525939919,66.12038708462,1755.93,50.84043587371,1.4383
1989-06,367.6,2.4361,49.05287643357,3237.67,0.2787,17.5,59.79850182755,65.66787850019,1914.16,58.5226511476,1.8464
1989-05,371.05,2.4299,54.93040360275,3181.6,0.2641,18.35,59.67748573918,66.87389565644,2259.31,62.60617256414,2.0133
1989-04,384.4,2.4458,55.92006283248,3161.72,0.2681,19.75,59.44251772389,65.20760951833,2125.75,63.65876417256,2.011
1989-03,390.15,2.4396,57.13983136763,3033.02,0.2544,18.7,59.49829360379,65.27683961919,2073.71,64.25420968593,2.081
1989-02,387.51,2.489,58.01548384981,2870.53,0.2324,16.65,57.9278327493,63.61677835175,2183.05,65.0441732547,2.1191
1989-01,404.01,2.4361,61.49262874491,2724.49,0.2127,17,58.03467416862,63.66585030661,2397.55,67.18258850002,2.2342
1988-12,419.05,2.5684,62.33910393215,2642.22,0.2473,15.15,58.63202504201,62.22084883035,2502.65,66.46046059063,2.2151
1988-11,420.17,2.5684,58.43918203479,2563,0.239,13,57.81624843253,62.18818745958,2381.76,62.9681591839,2.0428
1988-10,406.78,2.5684,54.91970274465,2510.26,0.2266,12.45,57.90660136262,63.61494021344,2309.49,60.9000182773,2.0744
1988-09,413.46,2.5111,53.04162293969,2437.68,0.224,13.3,58.20451756676,63.62118959628,2387.12,60.10722961311,1.9789
1988-08,431.28,2.5111,56.49713244455,2409.75,0.2457,14.95,57.60702020511,61.60913189852,2701.14,60.95548284368,1.8001
1988-07,437.63,2.4427,55.11152003518,2374,0.3092,14.9,60.8853480653,63.07500682598,2582.05,65.53684097257,1.881
1988-06,451.33,2.4229,69.65108794748,2340.16,0.233,15.55,61.20776220596,61.99250136661,3577.86,67.19780776543,2.0608
1988-05,451.07,2.4251,62.08142890414,2379.98,0.1962,16.4,55.71223486134,51.588970348,2988.16,67.36356330832,2.0737
1988-04,451.55,2.4912,55.50986583979,2359.59,0.1883,16.6,54.56692080711,53.36094496472,2508.35,65.81295178138,2.1204
1988-03,443.61,2.5904,55.01104942528,2453.13,0.1878,14.75,53.89732429362,53.5463971326,2526.41,66.59893420563,2.1817
1988-02,442.07,2.614,47.36774263222,2536.19,0.1858,15.75,54.11511119387,54.4317471184,2138.02,69.06241646655,2.2702
1988-01,476.58,2.4912,47.20776614367,2608.79,0.2131,16.85,56.01187209754,52.7342576465,2002.46,69.01452175211,2.2511
1987-12,486.24,2.5126,46.01473408079,2631.12,0.1829,17.1,54.99299795474,49.4866148185,1823.93,67.92073998705,2.2716
1987-11,467.57,2.5583,41.8243923133,2711.86,0.1616,17.8,54.13354971637,48.02921869241,1681,68.73954624547,2.3111
1987-10,465.35,2.5133,42.1544363545,2726.68,0.1466,18.8,52.27366737244,48.08050790551,1962.66,67.2139685998,2.2822
1987-09,460.38,2.5067,38.54476135767,2743.91,0.1283,18.35,51.68458325002,46.1021368583,1746.28,65.95582682407,2.1898
1987-08,461.15,2.3052,39.15801878905,2765.26,0.1238,18.95,48.68774651501,41.60016506565,1810.37,64.56487407117,2.0845
1987-07,450.52,2.3316,36.74436991769,2744.43,0.1345,19.8,48.44960410852,41.67519510529,1653.09,65.15229234158,2.0388
1987-06,449.59,2.3171,33.8657813092,2766.86,0.142,18.85,49.11404948635,43.24212495962,1472.33,64.97358803197,2.1615
1987-05,460.23,2.403,32.85061282848,2737,0.1484,18.75,49.75163550445,45.1202870661,1411.6,69.11264608985,2.3281
1987-04,438.35,2.3964,32.07186573994,2797.14,0.1472,18.1,48.01209861323,42.92775296667,1400.97,67.14712458292,2.229
1987-03,408.91,2.3272,31.39560338477,2775.51,0.1665,17.9,47.05472975208,42.09269988416,1367.26,64.6932409659,2.157
1987-02,401.12,2.2773,29.90830294454,2769.11,0.1626,17.3,47.44399120818,39.76000956242,1283.44,68.52637913978,2.4269
1987-01,408.26,2.1826,28.33128987273,2777.67,0.1431,18.4,47.30850375447,38.95542729229,1171.4,70.02724904786,2.4996
1986-12,390.92,2.1826,28.04264957432,2806.36,0.1259,15.9,46.12325080287,38.82196676897,1133.48,74.90482286759,2.7465
1986-11,397.56,2.1164,27.85192752033,2753.28,0.131,14.55,46.62502905357,39.82928943981,1131.81,81.42718447983,3.1337
1986-10,423.51,2.1076,28.327893784,2654.09,0.1188,13.8,46.56762381139,38.10238481859,1161.94,86.16628377126,3.2808
1986-09,417.73,2.0922,28.98366813948,2607.02,0.1032,14.2,46.58652729162,37.78753801439,1205.82,93.25461958993,3.6062
1986-08,376.66,1.9983,27.73476390092,2568.82,0.1228,13.65,45.39735187932,39.75213103523,1129.23,83.46976153993,2.9751
1986-07,348.34,1.9277,27.87848806758,2599.26,0.1224,9.45,45.66461247664,41.86512105095,1123.06,81.39775653018,2.7761
1986-06,342.7,2.0172,29.05713221231,2604.64,0.1401,11.85,46.82868846499,46.9078189147,1183.04,80.32493097345,2.7602
1986-05,342.4,2.0653,28.63149352789,2638.78,0.1691,14.2,49.11530543448,49.04273526786,1164.3,89.03375447764,3.1416
1986-04,340.44,2.064,28.62437977969,2655.77,0.1837,12.5,50.53565245538,49.90497607918,1164.44,93.63218552989,3.4703
1986-03,345.7,2.1914,28.86829708108,2695.37,0.1533,13.85,51.47162535373,50.80674641606,1168.01,98.7370924076,3.7229
1986-02,338.89,2.1605,27.99465561249,2680.73,0.1235,17.55,51.1778600225,51.65940505319,1114.85,97.46395368671,3.5721
1986-01,347.48,2.1826,28.19708997078,2646.02,0.1067,25.75,52.25703588678,53.49056584905,1119.24,101.44167683213,3.7516
1985-12,321.9,2.2267,27.35343256296,2551.49,0.1173,25.85,50.92368492472,52.2281722096,1039.2,92.90240492799,3.3669
1985-11,321.5,2.1385,26.05291628441,2465.83,0.1208,29.05,48.51310196612,51.24647557604,950.4,80.7899161301,2.7816
1985-10,325.85,2.1363,26.77293222719,2502.74,0.1105,27.9,47.21608037138,48.99190729646,970.5,76.91535996834,2.4544
1985-09,323.35,2.079,27.08875942428,2532.65,0.1129,27.15,47.32104198624,49.43452672565,985.1,74.9637361571,2.2941
1985-08,330.4,2.0662,28.03782788008,2568.57,0.0968,27.15,48.16548813418,50.02046850879,1019.3,74.95761450257,2.3466
1985-07,317.2,2.0514,28.35055196993,2582.51,0.0708,26.6,49.0917093709,52.97551135291,1011.6,74.95841185497,2.3433
1985-06,316.5,2.0939,28.58754315676,2611.25,0.0613,26.45,50.54030476938,54.69176827693,1032.2,75.96960749427,2.6497
1985-05,316,2.0917,30.08141559359,2634.51,0.0622,26.65,51.79829635239,55.17069357397,1105.2,77.02027874656,2.6685
1985-04,326.8,2.1319,30.00065401819,2675.23,0.0754,27.9,53.54739066286,56.73031422494,1106.3,78.58864571392,2.702
1985-03,313.5,2.25,29.07990126184,2689.7,0.0844,28.1,53.33499563319,56.66792276434,1095.3,79.10688105458,2.7079
1985-02,299.1,2.3149,28.97055967148,2730.48,0.0816,28.2,52.7415526803,56.96457962951,1098.2,80.15986716012,2.7011
1985-01,302.79,2.2692,28.52243633648,2796.84,0.0796,26.95,52.99057438551,57.32796204894,1075.4,81.14642036577,2.7675
1984-12,319.54,2.2194,28.53473906937,2854.79,0.0783,26.97999954224,53.20802712943,56.00369413036,1095.2,82.2937502679,2.7992
1984-11,342,2.1014,29.35089904779,2933.26,0.0961,27.70000076294,54.81349491872,57.75413129479,1151.8,84.50483694059,2.9998
1984-10,341,2.105,27.39213827947,2932.06,0.1025,27.80999946594,55.93000572619,59.84691296982,1027.9,84.62461511721,2.9787
1984-09,340.2,2.1846,27.36935869157,2953.76,0.0904,28.36000061035,57.21652381849,62.38473370279,1012.1,86.9637560612,3.1189
1984-08,347.7,2.2544,29.12601972959,2907.89,0.089,28.11000061035,57.4879969097,64.82698983788,1135.8,86.61691044894,3.099
1984-07,347.71,2.2337,29.46063764809,2840.07,0.1001,27.90999984741,58.37991262144,64.99813704527,1162.8,85.98958778708,3.0402
1984-06,377.7,2.3331,31.25025102307,2759.88,0.1217,29.20000076294,63.21214354763,65.85847028429,1275,90.50701605117,3.165
1984-05,377.4,2.3951,31.7934292925,2687.46,0.1241,29.89999961853,66.35328924598,66.13326927886,1289.1,94.39187671266,3.2293
1984-04,381.37,2.4692,33.41206117118,2627.55,0.1325,30.12999916077,64.72152799479,66.98069263419,1370.3,92.69489552894,3.0325
1984-03,394.26,2.381,34.29950472624,2632.91,0.1415,30.07999992371,64.14157571741,66.20881262262,1455.8,91.09860099886,3.0433
1984-02,385.96,2.339,34.18120403573,2630.46,0.1462,29.87999916077,62.76053445417,63.17303397634,1491.2,89.5364456075,3.0049
1984-01,370.89,2.2619,34.5241412039,2675.78,0.1536,29.55999946594,63.67830344425,65.11480552189,1548.9,92.33941097795,2.9306
1983-12,388.34,2.3091,34.93129003202,2709.22,0.1702,28.95000076294,62.22303567968,66.15956861587,1549.3,87.95577884203,2.9271
1983-11,381.7,2.4068,34.42264628723,2745.91,0.1836,29.20000076294,62.17885984852,67.85970091355,1516.8,83.17857288892,2.8515
1983-10,393.6,2.452,35.30825954092,2741.07,0.2147,29.85000038147,62.87879557347,68.53114988176,1566.3,80.19007592987,2.8726
1983-09,411.8,2.4654,36.56589744664,2678.49,0.2079,30.35000038147,62.77601115268,69.37008036409,1613.7,77.73693572748,2.6877
1983-08,416.2,2.4802,36.7711539729,2692.84,0.2328,31.10000038147,61.79298601391,68.31953018832,1603.6,78.65149525805,2.6526
1983-07,402.91,2.4582,35.97010238523,2668.06,0.2321,30.79999923706,56.82127583575,63.95934627199,1520.2,77.78786835471,2.6469
1983-06,412.84,2.467,35.29342337996,2637.52,0.2368,30.20000076294,55.73664742604,63.74469304491,1465.6,78.66021594764,2.6511
1983-05,438.01,2.5375,35.59815528203,2613,0.2036,29.60000038147,56.06180617943,65.03663077331,1453.4,76.14594689897,2.7152
1983-04,432.88,2.5441,33.92991504171,2619.76,0.1479,29.75,54.60515266553,65.93157183364,1363.6,72.47468457232,2.6727
1983-03,419.7,2.4934,32.69699263105,2601.79,0.1367,28.20000076294,52.48431433474,63.76245998145,1301.8,71.39842913248,2.6727
1983-02,491.09,2.381,31.82543904136,2598.64,0.1417,29.10000038147,51.46991815007,61.09217182186,1230.4,72.35189931418,2.6846
1983-01,481.29,2.284,29.34442086314,2572.24,0.1327,30.85000038147,50.70298217188,58.40015635608,1076.5,70.93935725558,2.745
1982-12,444.5,2.4802,28.02839359239,2556.16,0.1391,31.75,50.59242604134,57.6856132056,987.4,68.97968331101,2.8177
1982-11,414.89,2.4802,27.64230642113,2485,0.1433,33.79999923706,50.02199359841,56.00424718672,965.2,68.13412876235,2.6943
1982-10,422.15,2.4802,27.89182970173,2516.15,0.1302,35,48.72826444966,52.40494261225,951.5,69.08023662377,2.5856
1982-09,437.31,2.425,27.9981640538,2585.79,0.13,34.25,50.15750419219,56.27487407291,959.5,68.30923988784,2.4092
1982-08,364.23,2.2421,28.24886518604,2554.87,0.149,32.84999847412,50.4204940255,57.55303065388,958.9,64.79476370302,2.2478
1982-07,338.97,2.2267,28.17977089157,2597.12,0.1726,33.70000076294,51.76939365546,59.93315095153,957.8,64.22751409857,2.1678
1982-06,314.98,2.381,26.90987929788,2635.91,0.151,34.59999847412,53.18071153482,61.24772378657,918.8,65.72374151503,2.2408
1982-05,333.71,2.4141,29.07421386742,2652.52,0.1792,35.18000030518,55.42883285649,63.85751238436,973.3,67.71162562873,2.2822
1982-04,350.3,2.403,29.36545677073,2610.86,0.2103,33.11999893188,55.56862862236,64.67746193765,996.2,68.95761184913,2.3455
1982-03,330.25,2.381,29.94463409589,2566.26,0.2484,29.29999923706,55.83621324766,64.64420604022,1029.2,72.87291325365,2.4685
1982-02,374.13,2.381,31.53195260894,2535.74,0.2884,31.62000083923,56.97586115436,64.51155729274,1087.7,76.33823817244,2.5168
1982-01,384.14,2.381,31.90936602325,2471.1,0.2862,35.84999847412,57.45802019385,66.42567832282,1113.3,74.52546730734,2.3076
1981-12,410.09,2.3598,31.78796422193,2437.1,0.2851,36.70000076294,56.82215070209,67.18457156849,1130.88427734375,71.88531747312,2.273
1981-11,413.37,2.3706,31.06006494329,2405.27,0.2622,37.11999893188,57.79590943957,71.55970880206,1081.84643554688,71.82348349746,2.3135
1981-10,437.76,2.4335,31.89107559515,2378.4,0.2655,36.54000091553,58.00470773572,72.18296016243,1140.181640625,70.71802120172,2.1656
1981-09,443.75,2.4881,32.71327909328,2309.46,0.2568,35.90999984741,58.75864440084,74.97324285726,1168.9111328125,70.83626887737,1.9703
1981-08,410.16,2.4141,34.05347795061,2313.73,0.33,35.79999923706,60.07263249253,78.18232948819,1230.82885742188,69.17768996325,1.9786
1981-07,409.07,2.4141,32.57316049051,2283.32,0.3602,35.06000137329,61.64738707062,81.78381725386,1175.31127929688,65.79477905747,1.9357
1981-06,461.09,2.4357,33.18832762323,2298.17,0.361,33.25,61.76855017601,82.11744644791,1232.40673828125,59.78627874644,1.8583
1981-05,479.7,2.4901,34.27729374592,2296.24,0.3305,35.18999862671,63.31266725479,82.88330950195,1296.99584960938,68.74707125596,2.3477
1981-04,495.8,2.5309,35.6232592873,2292.45,0.3931,37.18999862671,64.99464982954,84.57201959682,1369.23461914063,72.23808010739,2.4507
1981-03,499.11,2.4978,36.37330284728,2286.29,0.4966,38.34999847412,66.30815494545,82.78475321844,1442.95190429688,72.35390421144,2.4723
1981-02,499.76,2.5739,36.35988503698,2288.69,0.532,38.70000076294,66.93936162192,82.36309531903,1452.38110351563,71.71178855069,2.4886
1981-01,557.39,2.6837,36.62758869709,2271.12,0.616,40.29999923706,69.12717887629,83.84239717872,1430.82958984375,73.55625848996,2.6283
1980-12,538.26,2.7507,36.75365362273,2234.06,0.633,40.15000152588,68.81927472731,81.50346648789,1430.65673828125,71.58239291128,2.5505
1980-11,624.77,2.9377,38.52977441507,2258.46,0.833,40.84999847412,72.88984962655,83.79402538393,1503.91015625,71.29103563177,2.5183
1980-10,661.15,2.8623,40.44348686959,2224.33,0.894,37.90000152588,72.00394730468,80.02919113222,1626.15209960938,76.15376898244,2.7242
1980-09,673.63,2.8473,40.93666052074,2226.88,0.7649,33.40000152588,71.65487229655,78.92917966378,1655.06567382813,77.52056010531,2.7567
1980-08,627.15,2.9213,42.49580250201,2263.02,0.7028,33.59999847412,69.48695869149,78.63468559239,1783.62719726563,79.79335556929,2.9496
1980-07,643.27,2.7549,42.54361348532,2297.52,0.609,37.40000152588,68.41884731085,75.26362217393,1758.07495117188,87.04201069582,3.2809
1980-06,600.72,2.5108,40.34731966057,2297.72,0.679,38,68.04242095529,70.15069884035,1668.96044921875,94.53468339119,3.7613
1980-05,513.8,2.4361,41.7425410304,2305.8,0.6816,38.5,68.77626114861,69.32490229039,1775.8037109375,97.7093604818,3.8848
1980-04,517.41,2.5245,44.11327057935,2323.69,0.468,38.15000152588,66.25926481843,67.53871844983,1932.45556640625,98.4753653573,3.6464
1980-03,553.58,2.6015,46.30537512252,2292.46,0.433,38.25,67.43561784696,68.60985571336,1978.37890625,101.5891485376,3.7225
1980-02,665.32,2.9663,51.63189818877,2300.11,0.5,38.5,69.38441028524,69.33878251029,2131.00854492188,99.2144547177,3.5521
1980-01,675.31,3.0062,48.70277432956,2286.27,0.381,40,67.21586305017,67.57235752293,2054.86010742188,99.35571597575,3.5713
1979-12,455.08,3.0975,44.58305969795,2294.97,0.329,40.5,67.00190264755,69.33038977912,1913.49438476563,105.31447340004,3.902
1979-11,391.99,3.0283,42.67103309292,2295.14,0.303,42,66.20797383758,68.86731988328,1832.54736328125,105.10100830156,3.909
1979-10,391.66,2.8594,42.08253195866,2328.32,0.262,38.5,65.87153127865,68.94497882391,1786.22021484375,106.92609037533,4.064
1979-09,354.95,2.8847,39.98541252931,2339.93,0.2182,36.5,66.73928585359,68.07538698257,1615.60888671875,109.32219683841,4.2293
1979-08,300.82,2.5607,38.52787267351,2340.27,0.1956,35.75,65.79743106173,67.0684295034,1561.89428710938,105.25387304978,4.0111
1979-07,294.74,2.4753,37.62115693506,2335.45,0.1878,35,67.0273050785,68.82097703295,1534.46801757813,108.69705878498,4.3241
1979-06,279.07,2.775,38.86298922095,2342.29,0.1795,36.5,66.14999225,65.71966964819,1596.5595703125,108.02018347105,4.1621
1979-05,257.59,3.036,38.49939257963,2362.07,0.1731,32.75,61.6942571126,60.67879681799,1576.08227539063,94.11889122206,3.2558
1979-04,239.11,3.1526,39.01685925475,2350.83,0.1724,23.64999961853,61.10170762804,59.96369380609,1569.18627929688,93.82886996989,3.1262
1979-03,242.05,3.0122,38.23014715406,2398.74,0.1865,23.25,60.3007145968,59.36801693494,1541.69091796875,88.38452567729,2.9809
1979-02,245.67,2.9286,36.2068334472,2364.48,0.1814,22,59.36040483685,58.01311232561,1441.91015625,88.08031726393,2.9211
1979-01,227.28,2.7979,32.33370300435,2380.71,0.1669,18.95000076294,58.01536180034,57.28957619647,1264.75634765625,91.16428612823,2.9377
1978-12,207.85,2.5697,33.05130980832,2345.85,0.1764,0,57.36769161387,55.2508770343,1408.75219726563,95.00081124559,2.911862
1978-11,206.2,2.4196,32.68663901041,2328.99,0.1766,0,57.82594648768,57.1629291098,1394.42211914063,100.51921916762,3.180385
1978-10,227.44,2.3462,33.24657135102,2305.41,0.1975,0,58.36847377109,58.81340427998,1424.62548828125,100.54618893778,3.309576
1978-09,212.08,2.2419,31.99654133159,2309.24,0.1801,0,56.88991388967,57.45457427973,1382.29663085938,99.19836435821,3.238587
1978-08,206.3,2.0252,30.98982200715,2311.11,0.1561,0,54.20436199585,57.12822958474,1320.5673828125,89.37016505948,2.831835
1978-07,188.73,1.9509,29.98557928573,2286.81,0.1418,0,53.99504979663,59.36429937426,1289.70263671875,86.18945147303,2.789726
1978-06,183.75,1.9886,29.44549893027,2234.8,0.1594,0,56.31079985052,62.52526967259,1247.81494140625,93.13825697016,3.331985
1978-05,176.31,2.2509,29.05786976777,2211.87,0.1616,0,57.40399623667,64.01406352534,1236.79174804688,93.19784411393,3.000198
1978-04,175.28,2.2377,29.17132996305,2231.68,0.1673,0,58.59838630935,64.6025701071,1258.83813476563,102.14949134362,3.192216
1978-03,183.61,1.9996,29.42338288291,2207,0.1706,0,56.8537085697,61.70286163386,1298.52124023438,99.77107310903,3.475283
1978-02,178.14,1.9136,29.5254645019,2230.98,0.187,0,54.18221252385,57.54492782615,1320.5673828125,99.74754905998,3.848296
1978-01,173.18,1.7154,29.83672866445,2212.47,0.1933,0,53.42017238858,54.7384253983,1316.158203125,103.18123077343,3.904953
1977-12,160.45,1.5849,29.49255961398,2269.47,0.1784,0,52.98922586109,53.91540256612,1261.04272460938,104.91236332338,3.716242
1977-11,162.1,1.4601,28.71199979467,2261.85,0.1559,0,51.7323029342,51.22654938973,1236.79174804688,107.26103960113,3.675237
1977-10,158.95,1.4632,28.35363361131,2255.52,0.1563,0,50.15448717492,46.96861071553,1203.72241210938,107.24472999965,3.834407
1977-09,149.53,1.4149,28.18551224132,2224.09,0.1612,0,50.926067224,45.27143347143,1183.880859375,116.17004930099,4.442207
1977-08,144.94,1.3891,28.00049952353,2206.82,0.1678,0,51.90117851327,44.43635559985,1183.880859375,120.31498036486,4.482551
1977-07,143.39,1.4178,28.24580612799,2222.4,0.1629,0,54.35958649127,46.15029198927,1170.6533203125,128.60914626758,4.331758
1977-06,140.78,1.4612,27.65621487035,2246.77,0.1735,0,59.65428043361,47.43344177601,1102.31005859375,138.70573129075,4.938676
1977-05,146.61,1.498,27.93290817972,2264.97,0.1986,0,63.32186931117,48.64945641825,1082.46850585938,143.76595558026,5.942636
1977-04,149.17,1.5505,28.24030262026,2260.93,0.2213,0,66.36185774353,50.29601326114,1082.46850585938,156.82145576634,6.883547
1977-03,148.23,1.6222,28.97189400575,2240.98,0.198,0,63.9027678742,51.96154454536,1082.46850585938,154.68637920419,6.747966
1977-02,136.24,1.6383,28.37274729877,2269.89,0.1894,0,58.7696384641,52.51994284844,1078.05908203125,132.14100251427,5.431397
1977-01,132.26,1.5774,27.8057168305,2323.42,0.1839,0,55.82061192878,52.79708374753,1058.21752929688,117.3984627459,4.767601
1976-12,133.93,1.4972,25.90277797843,2326.62,0.1664,0,53.34677503231,50.60318398142,974.44213867188,105.92037828587,4.496439
1976-11,130.46,1.4125,25.42110693897,2292.7,0.1737,0,51.72462171689,49.63206295521,947.98657226563,97.29585152924,3.885773
1976-10,116.15,1.4284,25.50729135383,2276.03,0.177,0,50.96493009444,52.53634117124,947.98657226563,88.63283049142,3.34874
1976-09,114.15,1.5615,27.00142261764,2280.46,0.1792,0,50.84563837886,55.18163772055,996.48828125,81.77370187886,3.022024
1976-08,109.93,1.5785,26.74221047907,2231.33,0.2209,0,49.88525385225,54.88368275829,939.16821289063,77.09889011287,2.915763
1976-07,117.73,1.5302,26.99007142707,2212.95,0.2912,0,50.84800022039,57.85292568071,903.89428710938,71.57422069839,2.78415
1976-06,125.71,1.6006,25.12574505883,2198.62,0.2864,0,50.32167516014,58.44298354248,804.68627929688,73.64042199754,2.867263
1976-05,126.92,1.7758,25.19398434639,2174.43,0.3206,0,47.50386664161,57.34181675077,824.52783203125,67.7029190764,2.681638
1976-04,127.94,1.8071,25.10014825744,2107.46,0.3097,0,45.69700456386,56.18121298197,820.11865234375,62.86426880906,2.376305
1976-03,132.76,1.707,23.92671161466,2110.01,0.3261,0,44.63986018657,57.55866328968,815.70947265625,51.66268442308,1.815904
1976-02,131.06,1.5871,23.65644677649,2052.26,0.2976,0,44.00989990346,57.94197145931,850.9833984375,51.90123597023,1.822297
1976-01,131.05,1.4861,23.51806538644,1977.71,0.3091,0,43.10756198094,57.83333364138,853.18798828125,50.08408079916,1.744476
1975-12,139.3,1.4449,22.39289596279,1905.39,0.2908,0,41.87635191432,59.15146354832,837.75561523438,45.10343191877,1.632043
1975-11,142.42,1.4663,22.29175780697,1893.61,0.2969,0,42.14721240648,61.27727607521,813.5048828125,43.83803679908,1.574283
1975-10,142.79,1.5331,22.32901453158,1898.57,0.3101,0,44.52587443131,65.90140680989,815.70947265625,45.04061650295,1.610879
1975-09,144.17,1.4165,22.70089601576,1879.64,0.3417,0,45.84555405794,67.81693118179,826.732421875,45.67457253412,1.677677
1975-08,163,1.2992,23.08039295962,1885.59,0.4102,0,47.6863935789,68.76658476355,837.75561523438,46.66782049177,1.69862
1975-07,165.17,1.3466,23.05297025384,1864.54,0.368,0,44.0927631588,63.08670146271,864.2109375,41.4386256138,1.293641
1975-06,164.24,1.3327,23.4802393438,1852.98,0.3009,0,41.90897701735,61.86963960926,903.89428710938,38.46288534298,1.087734
1975-05,167.39,1.3695,23.78278311812,1859.52,0.3909,0,43.4165740792,63.86328604404,903.89428710938,37.00984615839,1.047611
1975-04,169.84,1.2809,24.28025632061,1843.91,0.528,0,46.71438637403,66.80319582968,897.2802734375,37.79884100904,1.0809
1975-03,178.16,1.1431,24.71703192797,1809.61,0.582,0,46.99180272485,67.50650763953,917.12182617188,36.65531948992,1.094348
1975-02,179.6,1.1468,24.21206756614,1732.73,0.7491,0,49.16369916374,68.71479837057,908.30346679688,37.81500597209,1.154974
1975-01,176.27,1.1455,23.78694930689,1677.78,0.8445,0,53.23523601455,72.23349787724,895.07568359375,38.5837369258,1.197522
1974-12,183.78,1.2639,23.00864494287,1644.11,0.9894,0,58.53209369298,80.05364184459,859.8017578125,43.15333655428,1.216481
1974-11,181.66,1.3232,23.50740146087,1624.69,1.2377,0,62.5295257992,81.39882378786,842.16479492188,43.03211899409,1.227063
1974-10,158.78,1.3852,23.50487857862,1590.67,0.8708,0,61.66847163882,86.20396042724,844.36938476563,42.33204860253,1.21119
1974-09,151.75,1.3971,24.08278570664,1576.75,0.7529,0,57.55475034563,82.2319219927,837.75561523438,41.88094295532,1.188704
1974-08,154.64,1.6058,26.22628034053,1554.54,0.6753,0,58.26100047783,83.1533052262,848.77880859375,43.97830349298,1.234779
1974-07,142.98,1.6409,25.7690933349,1530.14,0.5518,0,54.44798026557,80.17647919545,760.59399414063,46.29997198966,1.303562
1974-06,154.1,1.4451,28.84293118211,1502.41,0.5183,0,52.43261668018,79.8092985616,756.1845703125,46.49111204745,1.362424
1974-05,163.27,1.5448,31.98425761865,1427.35,0.521,0,53.03555594648,79.21660553375,765.00317382813,46.03843474436,1.422608
1974-04,172.24,1.6182,32.56213111385,1401.16,0.4762,0,53.52193665036,82.03109060185,751.775390625,46.22325510385,1.411586
1974-03,168.42,1.7428,29.99699156939,1341.7,0.4652,0,55.71630057674,86.04527975244,687.84155273438,44.99940603551,1.382706
1974-02,150.13,1.9826,26.5075583333,1310.72,0.465,0,57.23690538172,88.69121553773,619.49829101563,44.90335229733,1.334867
1974-01,129.19,2.0371,24.48112275536,1280.63,0.3342,0,53.69312743348,81.95803053637,604.06591796875,43.12237333745,1.226622
1973-12,106.72,2.0693,26.01725398254,1247.9,0.2612,0,50.46921750732,79.37020409587,632.72583007813,36.37067935471,1.190467
1973-11,94.92,2.1429,26.20611044559,1222.18,0.2235,0,46.42566322299,75.04197563369,650.36279296875,36.08419243584,1.168422
1973-10,100.08,2.1839,23.88664106101,1202.69,0.2096,0,44.80711920754,66.21861560627,621.70288085938,36.03241167797,1.146376
1973-09,102.97,2.2624,22.60035325527,1179.2,0.1977,0,45.29844623969,69.69667823547,604.06591796875,35.49123112423,1.104489
1973-08,106.76,2.459,23.62785437413,1150.06,0.1977,0,49.79036809142,73.47708909671,619.49829101563,35.44073643536,1.044966
1973-07,120.17,1.9575,23.17671203014,1135.95,0.2098,0,50.1670340791,58.66704622339,634.9306640625,35.8456785286,1.058193
1973-06,120.12,1.7996,20.94864525116,1116.3,0.2067,0,46.54218652589,47.02891554859,601.861328125,36.26775328014,1.077593
1973-05,101.96,1.8479,19.4581676232,1087.36,0.2001,0,41.1775851999,43.56730764736,582.01977539063,36.03276242073,1.074507
1973-04,90.5,1.8532,19.42389434027,1066.55,0.1982,0,36.90864444654,40.93050774087,570.99658203125,35.00237011908,1.077593
1973-03,84.37,1.9795,18.9372451612,1046.86,0.1933,0,36.64247920671,41.1074483699,570.99658203125,35.82715962945,1.10978
1973-02,74.2,1.8744,17.26698933538,1039.48,0.1979,0,35.85964461947,40.65150599869,557.76879882813,35.98632779404,1.091923
1973-01,65.14,1.7009,16.33351865494,1041.72,0.2072,0,33.02611484769,40.5478541047,542.33642578125,34.22960933668,1.054005
1972-12,63.91,1.5695,15.67855519401,1056.18,0.2017,0,30.4955650417,37.48062047665,540.1318359375,27.93504551182,1.052902
1972-11,62.91,1.4846,15.5860399362,1048.86,0.1604,0,27.68152139983,33.49433888158,540.1318359375,27.63985615295,1.044304
1972-10,64.86,1.4687,15.07855433218,1061.76,0.1633,0,26.91812394752,32.42567073641,537.92724609375,27.7130349753,1.036809
1972-09,65.46,1.4577,15.8261483284,1062.84,0.1558,0,26.51430389155,31.29134776392,537.92724609375,27.72187478825,1.034604
1972-08,67.03,1.4916,15.76425308647,1081.81,0.1378,0,25.77829942414,28.28293733259,540.1318359375,28.11762162951,1.040557
1972-07,65.66,1.5066,15.67850915014,1062.48,0.1225,0,25.38032492217,26.70749120377,537.92724609375,28.52382222564,1.043863
1972-06,62.09,1.5351,16.1977620985,1072.21,0.1395,0,25.40956029637,26.34032437336,566.58740234375,27.1553201337,0.9625149
1972-05,54.62,1.5055,16.86025872056,1060.87,0.1462,0,25.67143766121,26.47605610023,599.65673828125,26.84921898523,0.9647195
1972-04,49.03,1.4991,17.88513372337,1066.04,0.156,0,25.73528094431,26.13846364415,670.20458984375,26.35692492068,0.9627353
1972-03,48.33,1.4548,17.76133998083,1088.67,0.185,0,25.74091655775,25.92257882268,670.20458984375,26.2370672947,0.949508
1972-02,48.26,1.4042,17.73003591576,1115.16,0.181,0,25.11413308272,25.71436628482,670.20458984375,25.94559268317,0.930769
1972-01,45.75,1.3858,17.50003562532,1106.83,0.1741,0,25.13254875647,25.7049961885,670.20458984375,25.83123964021,0.9296668
1971-12,43.48,1.3166,17.13440453024,1100.62,0.1275,0,24.73188689239,27.47984276428,665.79516601563,24.98102989694,0.9373828
1971-11,42.86,1.2862,16.66519195743,1102.4,0.0935,0,24.53688848641,27.58909242642,641.54443359375,24.55851683027,0.9254781
1971-10,42.5,1.3129,16.76456250274,1081.58,0.0928,0,24.70277235915,27.81210277999,639.33984375,24.4966685787,0.9190849
1971-09,42.03,1.2968,16.80594167769,1042.75,0.0879,0,24.7355244179,27.83045835283,639.33984375,24.74594770888,0.9243758
1971-08,42.71,1.3241,16.91477541477,1001.25,0.0937,0,25.19480739256,27.38113437298,628.31665039063,25.16244586611,0.9298873
1971-07,40.95,1.3479,16.85969026331,1011.61,0.092,0,25.01875961946,27.30822309363,617.29370117188,25.32281569311,0.928344
1971-06,40.1,1.3711,16.64172434836,1035.09,0.0915,0,24.64807159154,27.16759204406,617.29370117188,25.10608976912,0.9340759
1971-05,40.52,1.4039,16.80748818885,1038.8,0.0961,0,24.70301766609,27.18336417981,617.29370117188,25.64026989214,0.9400282
1971-04,39.01,1.4021,17.5060562154,1012.52,0.1005,0,24.77483802588,26.4585169394,617.29370117188,26.09532866725,0.9400282
1971-03,38.87,1.3812,16.95452928672,1020.68,0.1034,0,24.78968400908,26.70104892308,617.29370117188,24.6601958829,0.9406896
1971-02,38.74,1.3717,16.29307820657,1018.55,0.1063,0,24.82923822503,27.16929003089,617.29370117188,24.47058464845,0.9296668
1971-01,37.88,1.3358,16.26183600708,1045.91,0.104,0,25.07325829357,28.17451613137,617.29370117188,24.64579815863,0.9298873
1970-12,37.44,1.3069,16.37250334785,1063.19,0.0906,0,25.15828917334,28.06931876104,617.29370117188,26.31828352799,0.9190849
1970-11,37.44,1.2703,16.5969337673,1057.02,0.0901,0,25.23800738899,28.08066681731,617.29370117188,26.71815283044,0.9159985
1970-10,37.52,1.284,16.9042498686,1025.76,0.0866,0,25.02553146849,27.79543972013,617.29370117188,27.62612868925,0.9415715
1970-09,36.19,1.28,17.44122428811,1071.75,0.0853,0,24.63575785311,27.57005650374,617.29370117188,27.94675582153,0.9387055
1970-08,35.38,1.2469,17.53539633854,1082.6,0.0841,0,24.72780172459,27.45362487191,617.29370117188,28.16730179923,0.9446578
1970-07,35.32,1.2928,18.0462549016,1065.43,0.0842,0,24.9546313722,27.08433179262,617.29370117188,28.39791690835,0.9424534
1970-06,35.42,1.2979,18.51398810558,1047.34,0.0842,0,25.03743273812,26.98024498327,617.29370117188,28.27670430433,0.9298873
1970-05,35.95,1.3349,19.23076427826,1074.77,0.0805,0,24.97724535619,26.83354089904,617.29370117188,28.42479514482,0.9400282
1970-04,35.62,1.3622,19.94905126609,1119.96,0.0787,0,24.73202823366,26.83254125537,612.88427734375,28.15283747422,0.9129121
1970-03,35.09,1.3461,19.94251092216,1111.53,0.0745,0,24.5430828867,27.12294883065,606.2705078125,27.63416211461,0.8679388
1970-02,34.99,1.3338,19.45421687959,1114.27,0.069,0,24.48754094246,27.55844345635,606.2705078125,27.30353285299,0.8474364
1970-01,34.94,1.2957,19.29899905672,1078.11,0.0791,0,24.4429752653,27.99393973325,606.2705078125,27.31652440079,0.8619865
1969-12,35.17,1.2145,19.51515408139,1061.92,0.0622,0,23.9906938117,27.91699580714,606.2705078125,27.80544136568,0.8284771
1969-11,37.4,1.2114,19.13185151243,1096.38,0.067,0,23.75636582086,28.49486959685,606.2705078125,28.52141147076,0.8207611
1969-10,40.44,1.2324,18.63583102381,1139.14,0.065,0,23.7070420862,28.19391871697,601.861328125,28.62811782625,0.8450114
1969-09,40.87,1.3203,18.5458320086,1096.94,0.0604,0,23.21864933413,28.22384173307,584.22436523438,26.81142165142,0.7630014
1969-08,41.09,1.3748,18.68834957011,1121.04,0.065,0,23.33869833903,29.30215847066,584.22436523438,26.00545982511,0.724642
1969-07,41.76,1.3014,17.88270784686,1149.61,0.0765,0,23.38613935699,30.41537157447,584.22436523438,25.70094746512,0.6871642
1969-06,41.44,1.312,17.99904059187,1125.81,0.0803,0,23.58466298364,30.56805788678,584.22436523438,25.33809012281,0.6772437
1969-05,43.46,1.241,17.52382913725,1114.63,0.0805,0,23.31828126013,30.13761514482,584.22436523438,24.31128855599,0.6496865
1969-04,43.31,1.1632,17.47616365097,1110.75,0.0805,0,23.10906013457,29.15549555108,584.22436523438,25.18748800956,0.6589457
1969-03,43.16,1.125,16.90297231073,1098.65,0.0774,0,23.12649709324,28.99904911772,584.22436523438,25.74468721997,0.6871642
1969-02,42.6,1.0911,16.92777624494,1097.91,0.0688,0,22.69630819179,28.6837000634,584.22436523438,26.10989413848,0.7081076
1969-01,42.3,1.0873,16.63910823881,1135.81,0.0635,0,22.6371275279,28.84157931831,573.201171875,26.29138146934,0.7065644
1968-12,41.08,1.0897,15.89784944047,1165.63,0.0602,0,22.62018899463,28.24759996231,562.17797851563,27.47134985038,0.7094303
1968-11,39.78,1.1034,15.45950808603,1167.22,0.0509,0,22.36275168517,28.25373005335,562.17797851563,27.04219022527,0.7233191
1968-10,39.21,1.1704,15.33130425618,1183.73,0.039,0,22.03459887882,27.73228340502,562.17797851563,25.59010626785,0.7400739
1968-09,40.18,1.1587,15.48609238811,1228.75,0.0304,0,22.02514904944,28.30000205128,562.17797851563,24.98004949653,0.749333
1968-08,39.19,1.0968,15.22213695982,1180.58,0.0337,0,21.78052825348,28.63501355867,562.17797851563,23.63557340996,0.7475694
1968-07,39.46,1.0992,15.20346169901,1173.9,0.0359,0,22.23945409101,29.36764993081,562.17797851563,23.45757498933,0.749774
1968-06,41.14,1.1062,15.61092393582,1205.41,0.0384,0,22.36173582854,29.09538990072,562.17797851563,23.4052162817,0.7566082
1968-05,40.7,1.0785,15.13383571487,1200.88,0.0414,0,22.87951498104,29.57501257868,540.1318359375,23.47282587162,0.7550649
1968-04,37.86,1.0459,15.93607081209,1210.46,0.0388,0,22.86275818315,30.27169075892,540.1318359375,23.55228892201,0.7533013
1968-03,37,1.0251,18.20919939496,1234.74,0.0417,0,23.13669938475,31.71592847513,540.1318359375,23.46630485718,0.7548445
1968-02,36,1.0226,18.30335162309,1248.52,0.0461,0,23.14407862355,31.72238948585,540.1318359375,23.46968811506,0.7566082
1968-01,35.5,1.026,16.71629469612,1253.81,0.0467,0,22.93187503726,31.21362283545,540.1318359375,23.72284146479,0.7596945
1967-12,34.95,1.0201,16.2615183359,1299.43,0.047,0,23.10685140108,31.08060363302,540.1318359375,23.71830275718,0.7499944
1967-11,34.95,1.0126,16.93886601347,1299.43,0.0485,0,23.54738534577,31.33091470771,540.1318359375,24.09318706599,0.7477898
1967-10,34.95,1.0432,15.32247568042,1299.43,0.0428,0,23.54190968496,32.1553416271,540.1318359375,23.39969976235,0.729492
1967-09,34.95,1.0384,14.92422932049,1299.43,0.037,0,23.50419793891,32.22203162734,540.1318359375,23.66993107653,0.7239805
1967-08,34.95,1.0285,14.85914917688,1299.43,0.0362,0,23.28553591832,32.03391450537,540.1318359375,23.30934721737,0.7175872
1967-07,34.95,1.0353,14.62210034722,1299.43,0.037,0,23.57341898095,32.76358754624,540.1318359375,23.46187653031,0.7407352
1967-06,34.95,1.0362,14.72439683427,1299.43,0.0547,0,23.80226497576,32.07681820681,540.1318359375,23.87824812067,0.7824016
1967-05,34.95,1.0351,14.83017010276,1299.43,0.056,0,23.45891549542,31.75080343505,540.1318359375,23.5201059421,0.7702765
1967-04,34.95,1.0569,14.6127626808,1299.43,0.0452,0,23.37411654436,31.4774853318,540.1318359375,23.14840357649,0.7471284
1967-03,34.95,1.0448,15.15294170681,1299.43,0.0346,0,23.30164584459,31.60379865466,540.1318359375,23.02758955475,0.7257441
1967-02,34.95,1.0642,15.77493004109,1299.43,0.037,0,23.21650170044,30.64233439022,540.1318359375,23.36896214453,0.7286101
1967-01,34.95,1.0783,15.88701902692,1299.43,0.0287,0,23.2258348239,30.25129975695,540.1318359375,22.88937118618,0.7056826
1966-12,35.13,1.0587,15.7681575068,1581.22,0.0298,0,23.31136000367,30.57755645743,540.1318359375,22.67799488456,0.7151622
1966-11,35.13,1.0311,16.21435734024,1581.22,0.0311,0,23.21520992041,31.28498746287,540.1318359375,22.18688504566,0.7200123
1966-10,35.13,1.0529,16.07120568121,1581.22,0.0337,0,23.33952878667,31.12603206502,540.1318359375,22.33926313433,0.7171464
1966-09,35.13,1.0529,15.32956243457,1581.22,0.0329,0,23.68828549022,31.23348880189,540.1318359375,22.25731823147,0.6995097
1966-08,35.13,1,15.65569738452,1581.22,0.0359,0,24.35325399785,31.31991351936,540.1318359375,23.34708967144,0.7189101
1966-07,35.13,0.9669,17.58233075814,1581.22,0.0379,0,24.04944453621,30.44655428412,540.1318359375,23.44122051762,0.729051
1966-06,35.13,0.9923,18.24539463443,1581.22,0.037,0,23.58209982219,29.07192800663,540.1318359375,22.98211952111,0.7409557
1966-05,35.13,1.043,18.09715189861,1581.22,0.045,0,23.38892174017,28.02294502308,540.1318359375,24.02696137595,0.7652059
1966-04,35.13,1.0714,19.38033249966,1581.22,0.0452,0,23.46454096685,28.33072991919,540.1318359375,24.31264460018,0.7605763
1966-03,35.13,1.0673,19.26664863479,1581.22,0.0472,0,23.26178643802,27.54443915025,540.1318359375,23.70298242676,0.7438216
1966-02,35.13,0.9641,19.27249760255,1581.22,0.0489,0,23.19090188981,27.46548359679,540.1318359375,23.71843378982,0.7577103
1966-01,35.13,0.9676,18.29481234472,1581.22,0.0531,0,23.27136087525,27.46549777694,540.1318359375,24.31253502857,0.8015813
1965-12,35.12,0.942,17.5570391403,1265.41,0.0383,0,22.62334364443,27.43143140468,540.1318359375,24.50791903588,0.7936449
1965-11,35.12,0.9094,17.29589426931,1265.41,0.0377,0,22.46071764142,26.41769427245,540.1318359375,23.53439627585,0.7568286
1965-10,35.12,0.9292,16.99602915712,1265.41,0.0428,0,22.4628504527,26.25934176259,540.1318359375,23.36392563846,0.8073132
1965-09,35.12,0.9132,16.60834316981,1265.41,0.039,0,22.44641485168,26.82274197212,540.1318359375,23.03638672347,0.7775516
1965-08,35.12,0.8942,15.9879710152,1265.41,0.0377,0,22.19444804469,26.40721514354,540.1318359375,22.69334865599,0.7949677
1965-07,35.12,0.8807,15.60072562801,1265.41,0.0408,0,22.56447716415,26.41190382707,540.1318359375,21.29534892569,0.7162645
1965-06,35.12,0.8618,16.52283941626,1265.41,0.0412,0,22.67459644815,26.7753911546,540.1318359375,21.08093226964,0.6130906
1965-05,35.12,0.8404,17.57752433965,1265.41,0.0496,0,22.76455325034,27.04902002553,540.1318359375,20.63588585574,0.4872098
1965-04,35.12,0.8527,16.7697555723,1265.41,0.0512,0,22.97824412618,26.96434254186,540.1318359375,21.29806319482,0.5469536
1965-03,35.12,0.8514,16.20146511788,1265.41,0.0534,0,22.91244092364,27.14335772157,540.1318359375,21.69932292399,0.5798017
1965-02,35.12,0.8519,15.89270282815,1265.41,0.0476,0,23.09960990522,27.12221566181,540.1318359375,23.20570493924,0.6371205
1965-01,35.12,0.8525,14.95428884008,1265.41,0.0513,0,22.60446498739,27.42293464277,540.1318359375,23.53486707709,0.6283022
1964-12,35.1,0.8598,16.4134033784,1488.3,0.0591,0,22.92944875917,27.56251834115,540.1318359375,24.18165031317,0.7636628
1964-11,35.1,0.8356,16.98313669864,1488.3,0.0725,0,22.84230619534,27.33626145678,529.10888671875,24.77307279086,0.787913
1964-10,35.1,0.8444,16.7484129624,1488.3,0.0769,0,22.8872646442,27.45212791792,529.10888671875,24.59457576167,0.7738038
1964-09,35.1,0.8179,15.71608800344,1488.3,0.0783,0,22.79475926534,28.13392205261,529.10888671875,24.69754749658,0.7898972
1964-08,35.1,0.8995,14.82422433349,1488.3,0.0933,0,22.60749951061,27.96817392847,529.10888671875,24.81619147476,0.8183361
1964-07,35.1,0.9414,14.13148722652,1488.3,0.1034,0,22.80420101744,28.21167403055,529.10888671875,24.69545633739,0.8183361
1964-06,35.1,0.8554,13.80198471042,1488.3,0.1155,0,22.93091172467,27.65873873507,529.10888671875,24.57744168249,0.8465545
1964-05,35.1,0.8708,13.83807369596,1488.3,0.1545,0,23.33687843599,27.95111091926,529.10888671875,24.37785937908,0.8284771
1964-04,35.1,0.8289,13.90654962587,1488.3,0.1711,0,23.51184006867,27.63977504238,529.10888671875,24.19527527607,0.8161315
1964-03,35.1,0.8157,13.22404497077,1488.3,0.1612,0,23.43882485328,27.17876681648,524.69946289063,24.5981080736,0.7797561
1964-02,35.1,0.7915,12.74290845995,1488.3,0.1991,0,23.64365516457,26.98331049435,507.06259155273,23.47900259757,0.7211145
1964-01,35.1,0.7297,12.51208726963,1488.3,0.231,0,24.14392277166,27.57159055338,507.06259155273,23.79073572571,0.7008326
1963-12,35.09,0.69,12.5593811796,1343.61,0.2262,0,23.74357008073,27.18234530058,507.06259155273,22.82844672438,0.6521116
1963-11,35.09,0.6327,12.45958274849,1343.61,0.2542,0,23.8864417925,27.1215531962,507.06259155273,22.75207593975,0.6318295
1963-10,35.09,0.668,12.42939125702,1343.61,0.2304,0,23.87386101564,27.53663242375,507.06259155273,22.81473557173,0.6258772
1963-09,35.09,0.6967,12.27015542619,1343.61,0.1607,0,22.84757805213,27.73025198693,496.03948974609,22.43439838528,0.6238931
1963-08,35.09,0.8333,12.25860060471,1343.61,0.1413,0,22.73845421491,27.35672855189,496.03948974609,22.0359073643,0.6117679
1963-07,35.09,0.7562,12.2421602404,1343.61,0.1975,0,23.3536315112,27.58093368362,496.03948974609,22.11847988256,0.6157362
1963-06,35.09,0.69,12.25333774801,1343.61,0.2154,0,23.55038340529,27.24811359385,496.03948974609,22.47526956704,0.6117679
1963-05,35.09,0.69,12.24219520347,1343.61,0.2191,0,23.62376689878,27.31321166363,496.03948974609,22.99145873475,0.6117679
1963-04,35.09,0.6504,12.22006590503,1343.61,0.1647,0,22.86986043707,27.56283839455,496.03948974609,22.58144520472,0.6157362
1963-03,35.09,0.5622,12.19451140257,1343.61,0.1431,0,22.528294961,27.53300747283,496.03948974609,22.23704919193,0.6157362
1963-02,35.09,0.5556,12.17989405498,1343.61,0.1305,0,22.4751078266,27.58325998918,496.03948974609,22.30348471704,0.6137521
1963-01,35.09,0.571,12.16853056786,1343.61,0.1157,0,22.2238798636,27.26691756795,496.03948974609,22.18996927733,0.6521116
1962-12,35.23,0.6019,12.1771723152,1404.9,0.0882,0,21.84331993789,26.91521355986,496.03948974609,22.06741640907,0.7169259
1962-11,35.23,0.5886,12.18491977445,1404.9,0.0754,0,21.87415232435,27.74876332446,496.03948974609,21.70736509292,0.6926757
1962-10,35.23,0.6768,12.16681160284,1404.9,0.0666,0,21.38568167645,27.08657090795,496.03948974609,21.68500442117,0.6946597
1962-09,35.23,0.8003,12.15108116365,1404.9,0.0626,0,21.64765254893,27.1146713881,496.03948974609,21.96591256238,0.6946597
1962-08,35.23,0.7452,12.15190303014,1404.9,0.0646,0,21.49761075918,27.25146052815,496.03948974609,21.95709744676,0.6845187
1962-07,35.23,0.7562,12.16860262468,1404.9,0.0621,0,21.62727660808,27.5544867667,496.03948974609,21.88892677408,0.6765823
1962-06,35.23,0.7893,12.18621751288,1404.9,0.0562,0,21.70190643148,27.59265211354,496.03948974609,21.93549855945,0.6723936
1962-05,35.23,0.7297,12.21166674667,1404.9,0.0553,0,21.80216750378,27.81704721406,496.03948974609,22.02064644081,0.6723936
1962-04,35.23,0.6548,12.2281482428,1404.9,0.0571,0,21.58895912088,26.34039716534,496.03948974609,22.19795034027,0.6743777
1962-03,35.23,0.7055,12.24024297952,1404.9,0.0558,0,21.55417788567,25.85857820047,496.03948974609,22.0197779245,0.6704095
1962-02,35.23,0.7584,12.34006375846,1404.9,0.0498,0,21.55825787718,25.35588327009,504.85797119141,22.767195372,0.6684254
1962-01,35.23,0.7628,12.36417133203,1404.9,0.0465,0,21.46285148258,25.18392992774,511.47183227539,22.35025675894,0.6684254
1961-12,35.25,0.7209,12.35462833869,1563.19,0.0487,0,21.74317209604,25.62656668144,511.47183227539,23.16345059659,0.6664412
1961-11,35.25,0.6371,12.33664166474,1563.19,0.0509,0,21.73199805628,26.04794203388,511.47183227539,22.5391096687,0.6704095
1961-10,35.25,0.6746,12.33736279461,1563.19,0.0527,0,21.50044434627,25.20726073979,511.47183227539,22.32731865265,0.6723936
1961-09,35.25,0.7055,12.36582055695,1563.19,0.0542,0,21.5379920435,24.04424885266,511.47183227539,22.41501064723,0.6723936
1961-08,35.25,0.6945,12.39751450883,1563.19,0.0536,0,21.7798357851,24.1780971896,511.47183227539,22.59966273232,0.6684254
1961-07,35.25,0.668,12.38065093088,1563.19,0.0609,0,21.99976944905,24.37712186191,511.47183227539,22.54524155262,0.6684254
1961-06,35.25,0.6768,12.47625119589,1563.19,0.0655,0,22.13964667307,23.77058366034,511.47183227539,22.6837176424,0.6664412
1961-05,35.25,0.6371,12.57207230911,1563.19,0.0703,0,22.51911722991,24.04272121527,511.47183227539,22.62199055405,0.6622526
1961-04,35.25,0.7099,12.38745672438,1563.19,0.0668,0,22.60551800183,23.50445557568,511.47183227539,22.12601364368,0.6644572
1961-03,35.25,0.7826,12.32820261095,1563.19,0.0626,0,22.35813248888,23.96546181027,511.47183227539,22.48881684051,0.6684254
1961-02,35.25,0.6393,12.28731576615,1563.19,0.0626,0,21.80587549159,23.59229786251,511.47183227539,22.93978652628,0.6765823
1961-01,35.25,0.6371,12.21165193304,1563.19,0.0646,0,21.36609323595,23.56871187164,511.47183227539,22.88503696991,0.6765823
1960-12,35.27,0.6658,12.41253876037,1736.87,0.0635,0,21.25035207858,22.76087386355,511.47183227539,23.81160744351,0.6968643
1960-11,35.27,0.6349,12.47306651316,1736.87,0.052,0,20.89462707723,22.37999497784,511.47183227539,24.50978361137,0.7089895
1960-10,35.27,0.7099,12.3243050756,1736.87,0.0538,0,21.3560043507,23.23559951443,511.47183227539,24.78954693224,0.7067849
1960-09,35.27,0.8091,12.50187666894,1736.87,0.0725,0,22.02544154428,24.14119560256,511.47183227539,24.72137102334,0.7028166
1960-08,35.27,0.7826,12.65077134211,1736.87,0.0741,0,21.86827848536,23.79731525297,511.47183227539,24.8183322821,0.6988484
1960-07,35.27,0.7474,12.80547532722,1736.87,0.0728,0,21.82258307681,23.2803620563,511.47183227539,24.85431399611,0.6906915
1960-06,35.27,0.7077,12.7510781937,1736.87,0.0666,0,21.88368340613,23.43158795328,511.47183227539,24.73979761097,0.6968643
1960-05,35.27,0.7562,12.7306535211,1736.87,0.0683,0,22.19436975445,23.85166963583,511.47183227539,24.83571124925,0.6906915
1960-04,35.27,0.8378,12.92957015045,1736.87,0.0681,0,22.19122243479,23.49333163876,511.47183227539,24.86491133547,0.6845187
1960-03,35.27,0.7694,12.72055899319,1736.87,0.0683,0,22.04396294535,23.75290998996,511.47183227539,24.64208660345,0.6887074
1960-02,35.27,0.7121,12.9291469329,1736.87,0.0679,0,21.95842528101,23.42698276517,511.47183227539,25.1406604908,0.6887074
1960-01,35.27,0.7055,12.89589240086,1736.87,0.0666,0,22.18732936737,23.57750535562,511.47183227539,25.44330149114,0.6968643
