Date,"Aluminum, $/mt, nominal$","Metals and minerals, 2010=100, nominal$","Gold, $/toz, nominal$","Tobacco, $/mt, nominal$","Coffee, Robusta, $/kg, nominal$","Agr: Food: Grains, 2010=100, nominal$","Agriculture, 2010=100, nominal$","Crude oil, Brendt, $/bbl, nominal$","Meat, beef, $/kg, nominal$","Agr: Beverages, 2010=100, nominal$","Sugar, world, $/kg, nominal$"
2017-02,1860.75,77.88352144578,1234.2,5016.51605434303,2.347699838,79.1383807007,91.53845644998002,55.49,4.06201235,85.20284636875,0.447317398
2017-01,1791.24,74.49150985923,1192.1,5002.33668458022,2.388044384,79.01127630547,91.37361228078001,54.89,3.9132005,88.28940677341,0.448199246
2016-12,1727.74,73.53247106295,1157.36,4964.81666666667,2.24540547,75.88728307893001,89.37735990916,54.07,3.87278246667,87.07828431788,0.407634238
2016-11,1737.11,71.51376131196,1238.35,4922.625,2.286631864,76.03004863537,89.90405244213001,46.44,4.0565008,93.76018216974,0.446215088
2016-10,1665.9,64.12121850972,1266.55,4944.641666666671,2.28508863,76.48782180415,89.51195760611,49.73,3.94186056,94.62250335360001,0.489866564
2016-09,1592.36,62.855609030130005,1326.61,4976.05833333333,2.135835856,76.527009152,90.47696668844,46.19,4.02122688,94.84924542361,0.474654686
2016-08,1639.28,63.79442105122,1340.17,4888.63333333333,2.023620698,78.70365976461,90.91726761974,46.14,4.09177472,94.09642770309999,0.443790006
2016-07,1629.05,63.45893121051999,1336.65,4877.841666666671,2.002235884,83.58304947085999,91.89654000994,45.07,4.1446856,95.20216275801,0.43210552
2016-06,1593.51,60.259266856569994,1276.4,4826.158333333329,1.894650428,90.30504822574,93.83827279216,48.48,3.99697606,93.76936387077,0.42879859
2016-05,1550.63,59.96267946229,1260.95,4691.041666666671,1.8503375659999999,87.30576475404,91.13500833196998,47.13,3.9572928999999997,90.79037304552,0.375005862
2016-04,1571.23,62.00929032653001,1242.26,4617.575,1.7676643159999998,85.71697430169,88.34538062087,42.25,3.90548433,89.6309743989,0.33576362600000004
2016-03,1531.01,61.16599595301,1245.14,4568.8,1.66669272,84.41226672428,85.92346152054,39.07,3.88454044,88.23431863264999,0.340393328
2016-02,1531.26,57.70301318731,1199.5,4666.74166666667,1.6323006480000002,84.3079743626,84.17197471264,33.2,3.767144425,84.56915303947,0.292773536
2016-01,1481.1,55.22859847595,1097.91,4729.225,1.6470716019999998,84.34234124704001,83.50914630516999,30.8,3.502590025,85.71351820836,0.30974911
2015-12,1497.2,56.378334885369995,1075.74,4789.65,1.747822736,84.20210566091,85.39161389878001,37.72,3.73462628,92.95024412351,0.322756368
2015-11,1467.89,57.85064578913,1086.44,4813.091666666671,1.802056388,83.62393659105,85.64894097882,44.42,3.904933175,93.57159146500999,0.32077221
2015-10,1516.49,62.201139518169995,1159.25,4858.43333333333,1.824984436,84.53103415047,86.7805791149,48.12,4.1005932000000005,92.86105129424999,0.306662642
2015-09,1589.6,63.408855546690006,1124.77,4887.358333333329,1.7965448380000002,82.25959695863001,85.84302121314,47.24,4.472622825,91.76776480851,0.261467932
2015-08,1548.13,62.628610673450005,1117.93,4925.583333333329,1.891123036,83.81446402326999,87.52159303579,46.99,4.68261288,93.93243259301,0.2535313
2015-07,1639.5,65.69724641196,1128.31,4878.083333333329,1.920664944,90.95214510135,90.8048110206,55.87,4.49522018,96.3996837004,0.282852746
2015-06,1687.73,70.36121291865,1181.5,4947.233333333329,1.9894490880000002,88.31481906177,90.16187622281001,62.34,4.29349745,96.2209582589,0.274695652
2015-05,1804.04,74.5980934382,1198.63,5018.00833333333,1.930365272,88.94531479657,90.10036162277001,64.56,4.38388687,93.37406593376,0.29409630800000003
2015-04,1819.19,72.10039902534001,1198.93,4986.708333333329,2.029573172,92.48330517966,90.44786764844,59.39,4.72670528,91.20633946865,0.288364296
2015-03,1773.86,71.77078042299,1178.63,4961.56666666667,2.0317777919999997,94.12577340493,90.75108139693,55.79,4.560807625,89.06899067219,0.290127992
2015-02,1817.82,72.40273050644,1227.08,4910.966666666671,2.168464232,95.3142335055,93.35494816982,57.93,4.626946225,94.34862175158001,0.321654058
2015-01,1814.72,73.82345361448002,1250.75,4922.858333333329,2.1607480619999997,96.7906297791,94.67124447429,48.07,5.10002093333,96.65197229461,0.33818870799999995
2014-12,1909.46,78.77555300540999,1200.62,4926.225,2.197344754,99.68012291878999,96.80832341317,62.33,5.371924066669999,99.01918520105998,0.337968246
2014-11,2055.55,82.89030710653,1175.33,4922.275,2.2720813719999997,98.00917590716999,98.27635586885,78.44,5.765081299999999,101.43071507661999,0.356927978
2014-10,1946.19,82.60746972981,1222.49,4943.225,2.30823714,92.92139416761,98.0117360525,87.27,5.8973585,106.8174739915,0.36927385
2014-09,1990.43,85.07021667072,1236.55,4923.766666666671,2.216084024,92.92070860317,98.41677316574,97.34,5.999322175,104.85108136214001,0.353400586
2014-08,2030.49,88.03385374179001,1295.13,4919.966666666671,2.21013155,99.1438978885,102.07335164726999,101.92,5.71547735,106.86479563149,0.379635564
2014-07,1948.3,88.18183043721001,1310.59,4991.25833333333,2.244082698,101.04478131267,103.16157102373,106.98,5.01771512,104.28195870997,0.402563612
2014-06,1838.95,84.35901480662,1279.1,4996.075,2.1805896419999997,106.71211783279,105.15654517267001,111.87,4.41475155,103.14169987778999,0.400579454
2014-05,1751.05,84.84713666364999,1288.74,5117.55833333333,2.270317676,112.92702892622,107.1780287768,109.68,4.2769628,105.07068882971001,0.402784074
2014-04,1810.67,85.47825515708,1298.45,5089.1,2.32697641,113.13011720396999,107.20639349597,107.79,4.221847299999999,106.13342017487,0.39132005
2014-03,1705.37,82.97936173713,1336.08,5083.591666666671,2.323008094,114.48559153379,107.99640261674999,107.4,4.365147599999999,103.23011986208,0.39462698
2014-02,1695.17,86.16332398816999,1299.58,5051.891666666671,2.11423058,110.30657714206001,106.09753631921998,108.81,4.19428955,94.5519587159,0.366187382
2014-01,1727.41,88.07568877781999,1244.27,4924.333333333329,1.934113126,105.54831216821998,102.33820798736001,107.42,4.13917405,85.80420258448001,0.344582106
2013-12,1739.81,88.71366598638001,1221.5119047619,4835.15,1.937640518,107.64430020195,103.37675732017999,110.67399999999999,4.1116163,84.77970882199,0.36489610456999994
2013-11,1747.96428571429,87.82071529155,1275.86,5051.891666666671,1.75721861648,109.00671489211001,103.29575697368,108.07619047618999,4.03996615,81.50600394254,0.38937788475999996
2013-10,1814.58260869565,89.07356330013,1316.58,4770.041666666671,1.84526694,111.74719300587,104.04968615309,109.47869565216999,3.926979375,83.05523669754001,0.41145877443000006
2013-09,1761.3047619047602,88.15323760671998,1348.6,4709.966666666671,1.9351419486700001,111.70016770433998,103.62006327236999,111.62142857143,3.877375425,82.60372273811,0.3835928569
2013-08,1817.61590909091,89.63748054703001,1351.74181818182,4675.55,2.072583304,120.93089062664,103.7512873166,110.96454545455,3.88380556667,82.525536404,0.37548687
2013-07,1769.60869565217,85.66884144195,1285.51565217391,4635.358333333329,2.0989516048700003,132.26001168591998,105.5954515233,107.71608695652,3.9021774,81.50669770268,0.371187861
2013-06,1814.5375,85.41174499569999,1343.35,4493.375,2.0014752900999997,138.72691087038,107.73449261738001,103.11,3.86543373333,80.65428597931,0.3768356966
2013-05,1832.02173913043,88.3155085324,1414.0269565217402,4342.716666666671,2.1864366776499997,140.02246879747,108.06296023145,103.02695652174,4.19759648,84.75591987048,0.38851417
2013-04,1861.6704545454502,90.73323215379999,1487.85727272727,4366.9,2.241657616,136.09231777678002,106.04360186512,102.87545454546,4.262081615,84.58630496009,0.392512549
2013-03,1909.56666666667,94.54730708283,1593.0861904761903,4377.358333333329,2.342629212,143.0186482782,108.38448044129998,109.24,4.22735885,83.53636843226,0.40773866737
2013-02,2053.595,101.34065726774999,1627.57,4390.591666666671,2.293466186,142.8549061375,110.41770250031,116.5195,4.279718575,83.89454217474,0.40283306556000004
2013-01,2037.75,100.28575364763,1671.84782608696,4416.93333333333,2.1977856780000002,144.79707907566998,111.52264974321999,112.97363636363998,4.307276325,86.17019417678002,0.41610198299999995
2012-12,2086.76315789474,97.42328329313,1684.7620000000002,4341.30833333333,2.129442458,147.24982297755,112.41378349986,109.6765,4.31554365,87.01777122583,0.425712122
2012-11,1948.8295454545498,92.41514908431,1721.64,4268.775,2.153252354,151.86012167556999,113.03223554791,109.71181818182,4.246649275,88.86491710781,0.42635251162
2012-10,1974.3,94.00176961033002,1746.58,4223.95,2.303166514,151.43495746123,115.19316804312,111.97347826087,4.01020378,91.95158900073,0.44778707791
2012-09,2064.12,93.5892224785,1744.81,4191.466666666671,2.31374869,151.19583872991,118.45078918543999,113.3825,3.97382755,95.46417617844999,0.44065712495
2012-08,1845.3760869565199,87.65118551064,1630.31,4207.93333333333,2.34838039461,153.68925998217,118.60329913768,113.34,4.04106846,93.70902267381001,0.460324656
2012-07,1876.25,91.18570053379999,1594.29,4191.416666666671,2.3602661719999998,153.58440302702,118.69308782680001,103.14090909091,3.98815758,94.19263750028999,0.504417056
2012-06,1890.17857142857,91.63118125980999,1598.76,4282.966666666671,2.33028334,132.52153046543998,110.67357503133002,95.58904761905,4.0454777,88.69010563338001,0.451285714
2012-05,2007.63095238095,96.62863982128,1589.04,4355.233333333329,2.356297856,131.71167757498998,113.11582518491998,110.52173913043998,4.108860525,92.51905909998001,0.45878142200000005
2012-04,2049.67,100.95386652161,1649.2,4354.075,2.24430316,129.66108521716,114.75003900048999,120.4635,4.235626175,91.30368994278,0.50155105
2012-03,2184.16,103.54326762650999,1675.95,4379.00833333333,2.283324934,132.79212981822,114.64146778616,124.92863636363998,4.268695475,92.19391691837,0.53131342
2012-02,2207.92,104.00500763309,1744.82,4417.525,2.247169166,130.96249383678003,113.41096906368,119.70238095238001,4.2769628,97.00466444879999,0.531754344
2012-01,2144.2,100.50247509191,1654.05,4414.583333333329,2.132308464,129.39538175997,110.96072960256001,111.15619047618999,4.19649417,98.70609623182,0.5194084720000001
2011-12,2022.25,95.07594280566,1639.97,4438.68333333333,2.169566542,128.35561741273,109.05897175754,107.90904761905,4.191533775,97.7556395216,0.5079444479999999
2011-11,2079.98,95.83966482156,1739.0,4522.575,2.143772488,134.9698945119,112.21732136455,110.50409090908998,4.16452718,103.58772964873,0.529549724
2011-10,2180.65,98.38978774846001,1666.43,4582.75833333333,2.16273222,134.92079965546998,115.60135569677,109.46857142857,3.860840775,106.69178344541001,0.56107579
2011-09,2293.46,109.08108734898,1772.14,4595.3,2.338219972,142.43418536213002,121.56685897332,110.87909090908998,3.87461965,114.82628656004,0.587751692
2011-08,2379.35,114.76937520668001,1759.01,4569.358333333329,2.470717634,144.87648176432,123.18781511120001,110.08130434783001,3.98815758,117.82214175651,0.61178205
2011-07,2525.43,120.98702273544,1572.75,4458.56666666667,2.485268126,138.69037476440002,122.55148060308001,116.46,3.95178135,119.14831386475001,0.6221437639999999
2011-06,2557.76,116.97693495795001,1529.36,4389.708333333329,2.60034929,141.75840849393,123.21531653323,113.75772727273001,3.90438202,118.79154251288,0.5557847020000001
2011-05,2596.45,118.49279648344,1512.58,4431.15,2.689195476,142.39831650156,123.89379728806999,114.45818181818001,4.02894305,122.48851949518999,0.48391409
2011-04,2678.11,124.28530280696,1480.89,4606.99166666667,2.587562494,142.90802539471,127.39302568286999,123.07,4.2549166,124.7371061526,0.537045432
2011-03,2555.5,121.37058532795,1423.26,4537.675,2.604317606,134.78163939981002,125.77644510852,114.44130434783001,4.14027636,124.81180390786999,0.578492288
2011-02,2508.175,125.81963076352,1374.68,4317.06666666667,2.41075197,140.63044813685,130.06455804925,103.9555,4.048233475,124.63140814280001,0.649701514
2011-01,2439.525,120.80677989450001,1360.46,4370.775,2.2286503580000003,131.58028374977,124.31783526938,96.29428571429001,4.09691883333,116.40276508423,0.652787982
2010-12,2350.667,114.52350827588002,1390.5529999999999,4354.80833333333,2.0743269580000003,126.92491855198,118.80001137872,91.79652173913,3.74417963333,111.56568166848,0.616872718
2010-11,2333.0679999999998,109.42690316234001,1369.886,4372.175,2.0291322480000002,119.25137543132,113.67731334841999,85.67,3.4392072,106.76718655999001,0.58091737
2010-10,2346.57,108.27305434035,1342.024,4357.49166666667,1.879879474,116.43334747965,108.89972496734,82.91809523810001,3.41164945,103.26963062619,0.542556982
2010-09,2162.341,100.63755177403999,1270.9769999999999,4358.35,1.7919151359999999,109.28437978418002,103.81962115295,77.78681818182,3.3510224,102.84608683663001,0.49625996200000005
2010-08,2118.143,97.58761195115999,1215.81,4350.091666666671,1.822779816,98.12503077498,99.87024023126999,76.69318181818001,3.364801275,103.28615272056,0.40807516200000005
2010-07,1988.273,89.19850455079,1192.9660000000001,4381.85,1.879879474,89.04030699173,95.68168969147,74.73545454545,3.210477875,103.15595128193,0.38492665200000004
2010-06,1931.386,89.09092808728,1232.92,4337.80833333333,1.695793704,81.95682297213,92.48143327182,74.83818181818,3.196699,98.99215055136,0.35009365600000003
2010-05,2040.526,96.01636655021,1205.434,4244.575,1.5566821819999999,87.62720442446998,92.3374508555,76.25095238095,3.47778805,94.84764321987,0.33510224
2010-04,2316.725,108.14545826422,1148.688,4179.791666666671,1.576744224,88.62498319851,93.14756690520001,84.97857142856999,3.596286375,94.57830078221001,0.36265999
2010-03,2205.63,99.41678341999001,1113.337,4206.93333333333,1.48260695,90.97870232692,91.6975627826,79.2747826087,3.34881778,90.70664936901,0.41138209200000003
2010-02,2048.925,91.1065927433,1095.413,4389.291666666671,1.496496056,93.71402226400998,93.43052129812,74.312,3.12504885,93.15524690320999,0.559753018
2010-01,2235.15,96.57673688045,1117.963,4465.533333333329,1.544997696,98.03890580013001,96.15686411658001,76.373,2.951435025,96.82931948055,0.5835629139999999
2009-12,2180.095,90.2933621993,1134.724,4460.68333333333,1.5407207332,99.47081447698,95.04241812101999,74.66954545455,2.7998674,96.80255165084999,0.518747086
2009-11,1949.286,84.69645851051,1127.036,4427.4,1.5317699759999999,98.69888852423,94.14922356019001,77.03666666667,2.755775,94.82338935993,0.490748412
2009-10,1878.568,80.52635177315,1043.1589999999999,4329.45,1.620616162,92.72164614086999,91.56903935458,73.19409090909001,2.648299775,95.44874318091,0.499125968
2009-09,1834.114,77.94030774342,996.591,4300.35,1.6274504840000001,89.07850022652,90.11729301652001,67.68681818181999,2.72711494,92.46465063088002,0.508385372
2009-08,1933.75,81.62767897716,949.375,4272.55833333333,1.59504257,92.50624923906,90.84179222336,72.50476190476,2.7337287999999997,89.31887213943001,0.494716728
2009-07,1667.957,69.66553685381,934.2280000000001,4238.858333333329,1.5802716159999999,97.30365753407,88.2599158532,64.91,2.7337287999999997,85.46621441594,0.406311466
2009-06,1573.727,65.56631045343,945.67,4245.091666666671,1.6267890980000002,107.38429528131,92.05297378273,68.61681818182,2.692392175,85.21767424024,0.36221906600000003
2009-05,1460.4470000000001,59.4276484875,928.645,4226.725,1.667133644,104.98827491375,91.73376275285999,57.94095238095,2.63672552,82.55132406663,0.353621048
2009-04,1420.85,56.739324405489995,890.2,4191.175,1.665149486,99.93652196138001,86.32408220181,50.84523809524,2.55515458,79.35323374204,0.30093063
2009-03,1335.8410000000001,51.82135539392,924.273,4203.6,1.6823455219999999,101.2557807528,83.07396748431,46.839090909090004,2.477441725,76.00409835907,0.29541908
2009-02,1330.2,51.010724979920006,943.0,4097.5,1.768546164,100.38541462286999,83.98286707686,43.2425,2.361699175,77.78605109439,0.29255307399999997
2009-01,1413.119,51.686122906209995,858.69,3828.9916666666704,1.8241025880000001,103.63499710546999,84.59471683859,44.86,2.516022575,77.93700258209,0.277561658
2008-12,1490.4289999999999,50.63123693475001,816.092,3775.49,1.819031962,95.16945657517,79.29835174739,41.58090909091,2.47652313333,71.90225684644,0.25904285
2008-11,1852.425,58.7096512292,760.863,3740.82,2.0009131119999997,98.73541503605999,82.01323641581,53.24100000000001,2.535313,69.72570105691999,0.266979482
2008-10,2121.413,72.29347635486,806.62,3804.36,1.957041174,108.00967096205,86.66163129774,72.84260869565,3.02914788,74.40589698801,0.26234978
2008-09,2525.8179999999998,98.02210471799,829.932,3748.63,2.323228556,131.4211152222,101.60659182044,99.06409090909,3.56597285,87.24676152993,0.29828508600000003
2008-08,2764.375,109.90311983670999,839.025,3704.49,2.481520272,136.63201485221,106.40519827944999,113.84904761905001,3.734075125,90.58070298052,0.322094982
2008-07,3071.239,118.90987058632,939.7719999999999,3654.88,2.540383626,146.36402112938998,115.21859332438999,133.87304347826,3.871863875,92.97050039663,0.313717426
2008-06,2957.857,117.97931591988001,889.488,3565.33,2.4546239080000003,154.83884448571,116.69376646786002,133.04857142857,3.568728625,92.11981732849002,0.267420406
2008-05,2902.9,121.31300547041,888.663,3485.76,2.400390256,151.89199346123002,112.89944803326,123.93619047618999,3.38850094,86.19326742219,0.26609763399999997
2008-04,2959.2729999999997,125.45220505939,909.705,3410.54,2.453521598,156.63505472079999,112.37633995346,110.18772727273,3.023085175,85.38818786626,0.276900272
2008-03,3005.289,126.25735791171999,968.434,3348.3,2.6878727039999997,143.19459706296,111.03025104296002,103.2775,2.940411925,88.44330099913999,0.29100984
2008-02,2776.929,117.66387307462,922.298,3387.51,2.54523379,130.12542642062002,105.14658939926001,94.81666666667,2.835692475,87.1711238998,0.29784416199999997
2008-01,2445.5229999999997,109.54930435146,889.595,3438.78,2.187203502,115.28288704698,97.44840147167,91.92045454545,2.6865499319999997,78.27319322629,0.263893014
2007-12,2381.694,105.31024055676001,803.203,3433.31,2.0148022180000003,108.17541233047,92.70989449961,91.45,2.6345209,75.44188650884,0.235232954
2007-11,2506.886,112.14130372209,806.248,3348.08,2.041257658,99.49170678581999,89.81955633170999,92.52818181818,2.603105065,72.04785776412,0.22266662
2007-10,2442.37,114.419785097,754.6039999999999,3280.16,2.00840882,98.87390830559,87.28083705194,82.85782608696,2.55515458,72.04962776048,0.220462
2007-09,2391.25,108.18430533979999,712.653,3302.92,2.0454464359999998,96.31289493911999,85.01174783074,77.127,2.60696315,70.68465772669,0.215170912
2007-08,2515.7729999999997,105.4904970349,665.4110000000001,3307.6,1.927719728,86.49807104741,81.6736102924,70.79652173913,2.61027008,68.40025370261999,0.216273222
2007-07,2732.44,111.0602077201,665.38,3364.03,2.039493962,83.6650851721,81.18074199254,77.20409090909,2.5904285,71.36770193297,0.22443031600000002
2007-06,2676.93,110.02408356799,655.66,3409.32,2.043241816,85.78298252288,79.81689133455,71.31619047619,2.620742025,69.69727201114999,0.204809198
2007-05,2792.75,116.37934253623001,667.31,3397.24,1.8498966419999998,80.71130279216,77.04652803714,67.47608695651999,2.58381464,66.53113040910999,0.207895666
2007-04,2814.789,114.37652220803001,679.368,3361.26,1.754436596,79.18509922264,75.63705738358001,67.39842105263,2.593184275,66.17029677939,0.21428906399999997
2007-03,2761.7270000000003,104.58692035618999,654.895,3298.14,1.6975574,83.30795215875,74.97249277105,62.143636363640006,2.60696315,64.40723465243,0.230162328
2007-02,2832.2,98.6930611931,664.745,3182.84,1.7434134959999998,84.54305342429,75.07624822339001,57.757,2.61798625,64.33371502805001,0.23302833399999998
2007-01,2809.341,96.82743702612,631.1659999999999,3095.78,1.744515806,81.24080474507,73.21796329751,54.299090909090005,2.6124747000000004,63.47668909045999,0.24140589
2006-12,2813.632,101.76709173604999,629.7909999999999,3063.55,1.6902821540000001,80.68397056235,72.500430486,62.314736842109994,2.67310175,64.23078615244,0.25507453399999996
2006-11,2702.795,101.06505373314,627.827,3149.23,1.692927698,81.59923653716,71.37995419781001,58.48318181818001,2.6786133,61.37691560561,0.25970423600000003
2006-10,2654.591,101.69728706623,585.78,3152.8,1.657212854,76.97969066785,69.09455986056999,58.38,2.598695825,58.847955084519995,0.256617768
2006-09,2472.881,97.79142159722001,598.186,3119.58,1.6999824819999998,70.68302658573,67.43596531899999,62.7719047619,2.5904285,59.72664859619,0.266318096
2006-08,2459.9320000000002,98.00816204438,632.5930000000001,3038.08,1.6223798580000002,69.05734047071999,68.09818865009,73.61217391304,2.59263312,60.53059208543,0.29797835625999997
2006-07,2512.714,97.16914952323,633.71,2955.27,1.421759438,70.01210076846,68.11512083171,73.89714285714001,2.538068775,59.15041211989001,0.35384151
2006-06,2477.341,91.45682883415,596.145,2854.88,1.327842626,67.88223059856999,67.25890581465,68.85772727273,2.45263975,57.274432760500005,0.33951148
2006-05,2861.4759999999997,101.26719189323,675.393,2831.11,1.3245356959999999,67.66620458496,68.51804108338,70.18727272727,2.48460674,57.72686667153001,0.37081708399999996
2006-04,2621.111,87.79851435963002,610.653,2824.88,1.33489741,65.09409941297,66.14107445625,70.44210526316,2.481850965,58.38916923908001,0.38558803799999997
2006-03,2429.13,76.34994982276,557.0930000000001,2828.38,1.31395352,63.91991581679,65.78963270586,62.253043478260004,2.4471282000000003,56.99424886306999,0.380076488
2006-02,2455.325,75.58032538622,554.995,2895.37398835948,1.388469676,64.83776044203,67.04396086005,59.923,2.5242899,59.45635633178001,0.39771344799999997
2006-01,2377.857,73.12580179225999,549.864,2917.2121956324,1.397508618,61.846714308319996,65.01437951288,63.57428571429,2.504999475,59.412695138669996,0.34722765
2005-12,2247.45,69.36903412299,510.097,2946.0871956324,1.243185218,60.7495614477,62.93031046933,56.7475,2.54082455,54.108682799090005,0.293434922
2005-11,2050.591,64.35576988439999,476.666,2860.4276876087297,1.13427699,58.616863935809995,61.64470985336,55.535,2.5794054,53.0907765122,0.250885756
2005-10,1928.714,61.681315012419994,469.898,2770.56331914306,1.047855886,61.3466083971,62.194423353969995,58.5219047619,2.5683822999999997,52.52704369707,0.24515374399999998
2005-09,1839.9089999999999,60.04192687353001,456.048,2760.72854089986,1.033305394,59.11672092859,61.322423539419994,62.98181818181999,2.65105555,51.79335832759,0.227296322
2005-08,1867.8410000000001,60.140324311209994,437.93,2746.67708144165,1.1457410140000002,58.96642996885,60.642636291280006,64.09,2.6455439999999997,53.70980253694,0.21891876600000001
2005-07,1778.786,57.77035895045,424.47900000000004,2791.86275210174,1.2760340559999999,59.231100578269995,61.462900659469994,57.579047619049994,2.70617105,55.08652352851999,0.21252536800000002
2005-06,1731.295,57.62067215179,430.657,2817.64279910233,1.3232129240000001,57.152882303359995,61.66998837288,54.30681818182,2.660094492,57.72240477752,0.19951811
2005-05,1743.7,56.64913293824,421.87300000000005,2795.5995825803902,1.2361304340000001,57.37777258094,61.899176561409995,48.66590909091,2.67751099,57.9636004734,0.189376858
2005-04,1894.286,59.053991376199995,429.233,2787.2089793068603,1.11884465,57.60687539108001,62.11811226216999,51.857142857140005,2.60696315,59.15000271613001,0.189376858
2005-03,1979.85,60.22413855165,433.85,2769.4137539717403,1.091507362,59.2809880258,63.57401742446,53.08409090909,2.63893014,61.15262715995999,0.195770256
2005-02,1882.85,57.939183882680005,423.35,2734.0313352263697,0.909185288,57.711938653699995,60.44135895886999,45.556999999999995,2.587672725,56.10726684936,0.20062042
2005-01,1834.425,56.3984442549,424.03,2695.57553219759,0.814827552,58.34382229737,58.59287821113001,44.28333333333,2.54082455,52.26067465251,0.19224286399999999
2004-12,1849.1789999999999,52.65549246821,442.079,2708.32,0.809536464,57.676313344090005,58.16638007238001,39.64428571429001,2.59410286667,53.59882304645001,0.18188115
2004-11,1813.898,52.09679270685,439.375,2711.83,0.721131202,56.52541085737,57.85978414609,43.05363636364,2.609718925,50.89233327825,0.179896992
2004-10,1819.57,51.645501634510005,420.464,2705.79,0.6982031540000001,54.69280640321,57.48984415609,49.81809523810001,2.62900935,46.932623046870006,0.18629039
2004-09,1723.602,49.28001777648,405.275,2675.17,0.754861888,55.08901032001,58.32428122496,43.38136363636,2.769553875,48.09024769683,0.169535278
2004-08,1692.19,48.78671895282,400.51,2723.65,0.747586642,55.63543263713,58.657666964949996,43.03,2.80648126,48.752566040009995,0.166969902
2004-07,1709.273,49.34189342259,398.091,2732.03,0.7941041240000001,56.73159905365,59.34633639389,38.37045454545,2.675857525,46.97012165449,0.174385442
2004-06,1677.7160000000001,47.80391316627,392.37300000000005,2768.78,0.8789819940000001,61.38623412324,60.69054584378,35.191363636359995,2.57058692,46.66497347085,0.152780166
2004-05,1623.224,46.46839229644,383.779,2769.73,0.806009072,63.60433418905,62.16115000389,37.91631578947,2.527045675,45.44265160097,0.139772908
2004-04,1729.7379999999998,49.42375066392,403.26,2765.33,0.8018202940000001,65.64924468372,63.168909327749994,33.36227272727,2.25091702,45.381033824650004,0.145063996
2004-03,1655.989,49.25615688544001,406.667,2773.99,0.80909554,63.96866257404,63.60131104832,33.79913043478,2.14399295,45.71194573936,0.142418452
2004-02,1685.625,48.74794479500999,404.87800000000004,2779.65,0.81681171,60.779718724709994,61.5001346713,30.866,2.1935968999999997,46.489231721770004,0.12874980800000002
2004-01,1606.4879999999998,45.86871710109,413.788,2768.31,0.878320608,59.61431953238001,60.03279814377,31.17523809524,2.37988729,46.764518914609994,0.12808842199999998
2003-12,1554.905,42.72864402167,406.95300000000003,2674.11,0.7914585999999999,57.736169342130005,58.400951826690005,29.926666666670002,2.3405720000000003,45.043985241899996,0.138383
2003-11,1508.338,40.39656911934,389.91,2642.11,0.7519958000000001,56.29330330346,58.26659052186999,28.772,2.441617,42.832016036679995,0.1340409
2003-10,1474.25,38.83244745573,378.92,2685.64,0.7910176999999999,54.14032644479,57.00252411675,29.590434782609996,2.169346,43.366898866599996,0.1320567
2003-09,1415.568,36.80479292,378.945,2687.01,0.8234256,53.640870786120004,54.19307567679,27.09818181818,2.138481,45.32499905937,0.1318363
2003-08,1456.3129999999999,36.898447818259996,359.76800000000003,2674.65,0.800277,53.018511365769996,52.67350970404,29.825714285709996,2.0089599999999996,43.757575975550004,0.1505755
2003-07,1436.0870000000002,36.213838721550005,351.02,2625.1,0.7793332,50.657143457459995,51.76424774165,28.398260869570002,1.7857419999999997,44.126480388459996,0.150796
2003-06,1409.845,35.68727630682,356.352,2589.77,0.7542005,53.589796422540005,52.42707165766,27.545714285709995,1.7251150000000002,42.94549778447,0.14837089999999997
2003-05,1398.4879999999998,35.12390074683,355.68300000000005,2589.74,0.8333463,54.58597657259,52.869212591120004,25.8095,1.748264,46.11062153833,0.1580713
2003-04,1332.013,33.7632193579,328.18,2617.637,0.8249688000000001,53.55383918299,53.21860049622,25.016,1.821567,47.867910001140004,0.1708581
2003-03,1389.274,35.09271376163,340.55,2660.52,0.8194572,54.048420597399996,53.73374899333,30.339047619050003,1.849125,47.28495831942001,0.1814402
2003-02,1422.16,35.71494977234,358.97,2651.2,0.896619,55.242265391850005,54.48090885314,32.6485,1.846369,52.994616249109995,0.1986363
2003-01,1378.2839999999999,34.72426392105,356.85900000000004,2655.74,0.9078625,55.27890410971999,54.463270229470005,31.246666666670002,1.881643,51.957265676240006,0.18055839999999998
2002-12,1375.07,33.77978551933,331.92,2718.02,0.8391,56.11613880615,54.089567545079994,28.520952380949996,1.8519,49.35350603609999,0.1753
2002-11,1372.2,33.657960160879995,319.07,2706.18,0.8358,58.31653568886,53.1801637405,24.18476190476,1.7981,48.044821539370005,0.1726
2002-10,1310.58,32.17169872195,316.56,2687.8,0.7348,59.927862516859996,54.07346707827,27.54869565217,1.9173,51.620336956690004,0.1656
2002-09,1301.25,31.946897066070004,319.14,2670.53,0.7072,60.624485730169994,53.931968563059996,28.342380952379997,2.0523,50.07027808507999,0.1534
2002-08,1291.6,31.833827627119998,310.26,2722.29,0.6146,56.73673483068001,52.24506647028,26.632857142860004,2.1105,45.63387019323,0.1387
2002-07,1338.09,33.28193007945,313.29,2770.95,0.6305,53.550959767159995,51.52594402651,25.76782608696,2.1434,45.45869577602,0.1409
2002-06,1353.97,33.702465601590006,321.18,2775.45,0.6266,50.54039608290999,49.89224200644,24.127894736840002,2.07,43.083138393889996,0.1268
2002-05,1343.3,33.17493691349001,314.49,2766.3,0.6243,48.034018448199994,48.14856302994001,25.387272727270002,2.1267,42.45604533749,0.134
2002-04,1369.99,33.62521508215,302.68,2733.82,0.6468,47.10824341582,47.51825226384,25.654090909089998,2.287,43.02033856922,0.1519
2002-03,1405.0,33.98256786235999,294.06,2756.25,0.6415,47.5191210827,47.335055615369996,23.6905,2.4037,42.766690108249996,0.1477
2002-02,1369.34,33.03548773288,295.5,2785.51,0.5373,48.26073546192001,46.313619277579996,20.2915,2.2708,40.19199690024,0.1437
2002-01,1368.59,32.81834038697,281.51,2840.58,0.5029,48.529958516709996,46.231666068050004,19.485,2.2259,38.68542546775,0.1713
2001-12,1344.63,32.08343754207,275.85,2873.44,0.5368,47.50125416857,46.087245976240006,18.60473684211,2.2230000000000003,38.273640686440004,0.1727
2001-11,1327.46,31.61900550445,276.16,2965.41,0.5221,46.90260961171,45.918970785249996,18.94227272727,2.2989,37.249368931570004,0.1695
2001-10,1282.5,30.64935747626,283.06,2992.43,0.5124,45.87016001253,44.753895742530005,20.47826086957,2.2794,34.7736773914,0.1497
2001-09,1344.56,31.79740724375,283.42,3049.57,0.5351,46.59243223647,47.05226915227,25.544,2.3656,34.936241539070004,0.1662
2001-08,1377.08,32.66504422612,272.39,3047.8,0.5692,46.953789675290004,48.634699230840006,25.69782608696,2.2446,35.847224759970004,0.1788
2001-07,1416.39,33.68626152871,267.53,3065.2,0.6047,46.987087961040004,48.71759629112,24.53818181818,2.1716,35.71554371683,0.1938
2001-06,1466.13,35.0963659136,270.23,3050.33,0.6431,45.27716226020001,46.79701731717,27.724285714290005,2.0834,36.50729174155,0.1993
2001-05,1538.77,36.631650399909994,272.36,3060.66,0.6512,45.95874900013,46.78260178237,28.45047619048,2.0191,38.66269489625,0.2113
2001-04,1496.91,35.82407988345,260.48,3032.72,0.6281,46.07578129983,46.22171970776,25.641,1.9873,38.06921912915,0.1939
2001-03,1509.17,36.3765433986,263.03,3032.72,0.6729,47.28794639761,46.85059743769,24.39545454545,2.0128,38.74270795627,0.2044
2001-02,1604.36,37.86784249779,261.87,2975.29,0.6962,47.99836465163,47.32046742841,27.406,1.9304,37.03799833045,0.2176
2001-01,1615.65,38.30008728469,265.49,2909.81,0.7143,49.30583243865,48.10390153299,25.636363636360002,1.9359,38.985221890759995,0.2275
2000-12,1565.41,38.00628388152,271.45,2893.94,0.6698,49.3093519233,48.1366836572,25.1255,1.9434,37.25385423920999,0.2209
2000-11,1473.86,36.615885870220005,266.01,2948.7,0.7233,47.37473781375999,47.37180059439,32.524090909090006,1.9335,38.52426671967,0.2189
2000-10,1500.24,37.678609713629996,270.0,2970.72,0.7967,46.52235119918,47.606645774440004,30.9323,1.8272,40.2969150127,0.237
2000-09,1601.21,39.85122164567,273.68,2938.45,0.8561,43.710453445229994,47.511257538100004,32.621,1.8230000000000002,40.95041282169,0.2211
2000-08,1527.63,38.049199128059996,274.47,2970.09,0.8433,42.12175687879,47.7253335726,29.43,1.9069999999999998,41.0715722284,0.2302
2000-07,1563.5,38.182835268809995,281.59,2934.73,0.8999,42.361370968,47.94654399645,28.53,1.9164,44.83500034520001,0.2125
2000-06,1506.31,37.28626163755,285.73,2969.94,0.9409,45.29083669282001,49.22346573361,29.6773,1.9436,43.5672774151,0.1845
2000-05,1466.79,37.66883581047,275.19,2985.18,0.9771,47.931922514650005,50.13880042715999,27.34,2.0042,45.55020573337,0.1526
2000-04,1457.14,36.80181891427,279.69,3048.4,0.98,47.85147258652,50.33261638078,22.54,1.9839,44.40491366208,0.1325
2000-03,1577.05,38.7908711575,286.39,3030.14,1.0196,48.50443886333,49.89755902514,27.47,1.9932,45.68748163797,0.1127
2000-02,1670.27,40.00468294708,299.86,2985.46,1.0772,49.695420383999995,50.43262478028,27.7048,1.9654,46.06559035092,0.1173
2000-01,1680.28,40.054831347320004,284.32,3038.81,1.1724,49.06889309084001,50.363975937869995,25.38,1.9445,48.99205805853,0.1241
1999-12,1554.48,37.86154665793,283.07,3083.62,1.4725,46.821720678690006,49.94446933249001,25.59,1.9595,53.197183847720005,0.1318
1999-11,1472.76,36.56180407173,293.18,2961.74,1.39,46.85069595905,49.98012951500999,24.59,1.9385,51.28390140611,0.1435
1999-10,1474.41,36.30850950756,310.72,2929.71,1.2901,46.15382456017,50.08440424519,21.95,1.8659999999999999,48.99230801852,0.1488
1999-09,1492.48,36.64032135461,264.74,3034.31,1.3133,47.61234785946,50.31357560556,22.4,1.9066,47.488044054990006,0.147
1999-08,1431.32,35.01703141692,256.69,3007.82,1.3905,48.24730426417,49.57918611247,20.22,2.0728,47.364127838879995,0.1263
1999-07,1403.76,34.24665893024,256.08,3044.28,1.3572,47.88263190611,48.44796888215,19.01,1.7963,49.59526136753,0.1186
1999-06,1315.31,31.733553650359998,261.31,3041.54,1.446,50.71781617741,50.102855846219995,15.77,1.7622,52.405295520559996,0.1332
1999-05,1323.46,32.51382414052,276.44,3041.54,1.4978,50.07624474215999,50.527323148229996,15.14,1.7604,53.0012452625,0.1263
1999-04,1278.2,31.53309319072,282.62,3006.36,1.5282,49.952329536,50.53061174602,15.3,1.7441,51.58408333599,0.1195
1999-03,1181.59,29.87394266472,285.96,3058.83,1.6186,51.96630976622,51.3188824347,12.47,1.7990000000000002,53.658254090970004,0.1329
1999-02,1186.85,29.93318184288,287.33,3173.0,1.7467,52.96609463368,52.72616259242,10.2,1.804,55.83066793729,0.1504
1999-01,1218.46,30.09960504959,287.08,3111.44,1.8142,55.88880637525,55.22026614688001,11.06,1.7108,58.73807092535999,0.1788
1998-12,1249.06,31.060530203490003,291.68,3103.56,1.8532,54.281396304519994,55.31734257094,9.8,1.6832,60.22466116494,0.1781
1998-11,1294.96,32.26146074116,294.12,3183.02,1.7672,54.79364122429,56.318848529099995,10.92,1.666,61.01027573788,0.1777
1998-10,1304.06,32.28445339708,295.93,3269.39,1.7703,55.47898207328,55.47539995591999,12.56,1.6372,60.74446417551,0.1645
1998-09,1342.27,33.29164536137,288.98,3209.48,1.7593,52.702372110279995,55.02451636144,13.36,1.6546,61.747798608080004,0.1594
1998-08,1310.9,32.85344267545,284.11,3237.58,1.7480000000000002,53.05626622673,54.74074718924,11.8805,1.6797,64.05866479587,0.1882
1998-07,1309.21,33.10061460322,292.87,3283.3,1.6984,57.529759464659996,56.07669370184,12.01,1.6669999999999998,63.32716046781999,0.1901
1998-06,1307.24,33.14039550211,292.32,3329.61,1.8239,58.77020563925,56.86809742686,12.058,1.7081,65.03692004888,0.1786
1998-05,1364.72,34.5141995745,299.1,3391.41,2.0005,59.7025527972,59.14238898033001,14.39,1.7725,69.76450937,0.2035
1998-04,1418.16,35.73286345087,308.29,3493.49,1.9615,59.62160634596,60.645841718430006,13.39,1.8021,72.16898164781999,0.2134
1998-03,1437.7,35.57519048816,295.94,3451.77,1.8119999999999998,61.240799638249996,60.31642201453,13.08,1.8007,72.87823714901,0.2169
1998-02,1465.56,35.42254759669,297.49,3497.56,1.8378,61.226911251809994,61.754694179119994,14.06,1.8098,77.55086036321,0.2363
1998-01,1485.79,35.939575431870004,289.1,3583.29,1.8389,60.715211976899994,60.59974037497,15.09,1.827,77.59156975588,0.254
1997-12,1530.51,36.96006622851,288.74,3631.5,1.821,60.18700868067,62.00523744091999,17.0,1.8581,77.60525206474,0.2723
1997-11,1598.99,38.84278253917,306.04,3628.68,1.6764,60.67115834948001,62.84813163469,19.0,1.8351,72.88731719765,0.2648
1997-10,1607.86,39.951079017379996,324.87,3621.51,1.6429,62.38247223321,62.77344727628,19.85,1.7564,74.25971775689,0.2509
1997-09,1610.6,41.01297036229,322.82,3635.2,1.6568,60.67566582917,63.960013930500004,18.45,1.7741,78.27504932449,0.2498
1997-08,1710.58,43.06443507775,324.01,3576.49,1.6413,61.55802517248,64.50153695111,18.71,1.8259,77.2347987422,0.2579
1997-07,1591.99,42.42014529247,324.1,3582.17,1.756,60.59364168344,65.37420507045,18.4,1.8012,77.74667216072,0.2474
1997-06,1567.55,42.718769816220004,340.76,3604.59,1.9564,63.55997377983001,67.91544325601,17.55,1.7661,84.17350513168,0.252
1997-05,1625.25,43.01689391563,343.84,3557.14,2.0635,67.97064084891,70.17556389212,19.1425,1.9069999999999998,91.52902772270001,0.2447
1997-04,1561.44,41.43156845647,344.47,3451.87,1.7062,69.15233042461,69.94427533086,17.47,2.0062,77.41831962403,0.2491
1997-03,1631.57,42.751517264259995,351.81,3402.27,1.7688,70.28907038521,70.41539821749001,19.21,2.0582,74.09344610867,0.2449
1997-02,1580.01,41.80655375527,346.58,3353.29,1.6623,69.91477569563001,68.50319417138,20.83,1.8812,66.51753407498,0.2383
1997-01,1575.61,41.50688446783,355.11,3333.84,1.4813,70.15422886612,66.96479767795,23.47,1.7957,59.502002364700004,0.2357
1996-12,1500.29,39.428523799109996,369.0,3261.76,1.3902,67.77369831451999,64.94150610075,23.9,1.8307,56.51431249723001,0.2368
1996-11,1449.52,38.807879624790004,377.85,3213.38,1.5476,67.58751230893,65.37316301954,22.64,1.8115,58.45926276156,0.2363
1996-10,1336.34,36.00959674808,381.07,3157.84,1.6076,69.90593465555,65.59391754953,24.18,1.7946,59.66102982313001,0.2452
1996-09,1407.38,36.94388342507,383.14,3149.7,1.6389,74.82868452410999,67.71762904844,22.59,1.7361,58.92332736271,0.2628
1996-08,1463.36,37.905429572070005,387.35,3140.87,1.7465,85.81022953665999,69.43170937456,20.58,1.7688,61.16529137245999,0.2727
1996-07,1458.7,37.76093352329001,383.47,3050.38,1.7077,91.56497106181,70.03251083379001,19.61,1.7125,60.50872316213,0.2824
1996-06,1482.48,39.21842124876,385.27,2996.06,1.8984,93.40468266190001,71.09060546361,18.27,1.6969,61.8719088545,0.2683
1996-05,1589.26,43.23018686183,391.93,2987.62,2.0106,98.17450958341,72.8151115707,19.12,1.7926,63.4343885014,0.2511
1996-04,1587.23,42.896700851599995,392.85,2981.05,1.9989,94.23610913111,71.84897378153,21.01,1.7968,61.33742462095,0.2641
1996-03,1612.48,43.02965907245,396.21,2965.09,2.0049,90.04957638715,68.95950372653,19.99,1.7487,58.71896892341999,0.2846
1996-02,1591.55,42.63211633391,404.76,2890.78,2.1361,86.54593020966999,69.00849003318001,17.97,1.8319999999999999,60.114960807459994,0.2824
1996-01,1589.34,42.80172033078,399.45,2869.95,1.9839,83.39454239362,67.75247568504001,17.94,1.9017,56.57106557823001,0.2762
1995-12,1656.74,45.10307962906,387.44,2800.9,2.0479,80.27331170968999,67.61783272884,17.96,1.9275,56.225334455159995,0.2714
1995-11,1654.07,45.503080647980006,385.31,2744.74,2.4412,78.63324006808,68.20548123394,16.88,1.9619,63.4944721667,0.2641
1995-10,1674.32,44.575379692720006,383.14,2689.44,2.4859,80.22448649753001,67.75248118049,16.12,1.8647,63.223608967909996,0.2604
1995-09,1760.83,46.270187635430005,383.06,2689.09,2.5364,75.20874457727,66.5964889082,16.78,1.7968,64.8095253194,0.2577
1995-08,1888.32,48.80087045877,383.67,2691.66,2.87,72.03407028512,66.97416976568,16.07,1.7313,70.05134384691,0.2862
1995-07,1860.1,48.51247386555,386.23,2642.87,2.6403,73.42766266423,67.98524723896,15.86,1.689,67.18053832035999,0.2996
1995-06,1780.05,46.8076960777,387.56,2587.47,2.84,68.15746306274,66.90432648627,17.35,1.7615,70.32309422578,0.3091
1995-05,1762.69,45.190185834619996,385.22,2518.93,3.1063,62.85980470261999,67.01582058637,18.38,1.8082,74.96878499351,0.2981
1995-04,1849.0,47.02701509917,391.03,2501.1,3.1918,60.392671209,67.00132296918001,18.67,1.95,75.5056254761,0.302
1995-03,1805.07,46.514055508599995,382.12,2586.76,3.2194,60.87953388665,67.4428731128,17.01,2.0673,76.73448343868,0.3217
1995-02,1916.15,48.009643715059994,376.64,2673.19,2.9694,60.200926348740005,67.38470309599,17.08,2.1709,74.22454392139,0.3177
1995-01,2060.55,51.23482807637,378.55,2595.13,2.8999,60.23215233444,66.59881304408,16.63,2.1552,74.17210022737,0.3254
1994-12,1878.31,48.11403795183,379.29,2681.41,2.8601,59.22284215545,66.49554467239,15.96,2.2256,72.12343456351,0.3234
1994-11,1892.59,47.10732566187,384.39,2693.64,3.3803,57.57843860979,66.05573066627,17.2,2.1887,78.1763684751,0.3073
1994-10,1698.05,42.85321480258,389.77,2699.88,3.7352,58.13647378277,66.09659821521,16.4,2.1248,84.27150437540999,0.2811
1994-09,1569.22,40.75293438165,391.58,2634.62,4.0297,57.084534596530006,68.30302187991,15.9,2.2081,90.28890651426,0.2777
1994-08,1455.36,38.51813053973,380.36,2608.14,3.585,54.71303794477,66.89890320551,16.8,2.1995,84.83543726708,0.2668
1994-07,1492.42,39.433077204179995,385.49,2632.1,3.6155,52.49267914424,66.61040178613001,17.6,2.1912,88.472658941,0.2596
1994-06,1400.58,37.82506382855,385.64,2641.3,2.4776,55.15796374316,64.1564210087,16.75,2.2324,66.40148402995999,0.2657
1994-05,1322.59,35.64238023642,381.43,2674.01,2.0933,55.882403710359995,63.116420344869994,16.2,2.3907,59.614042815930006,0.2553
1994-04,1278.72,33.381404671140004,377.27,2651.55,1.5833,58.922872654689996,61.31145301849,15.15,2.6277,48.32409802050999,0.2427
1994-03,1289.03,33.777840906929995,384.13,2595.42,1.4265,60.42559312618,61.10507006591,13.95,2.6903,48.30561725559,0.2586
1994-02,1269.93,33.478350928379996,381.91,2553.72,1.3404,66.59039919533001,61.30920065698001,13.8,2.4936,46.38498461527001,0.2385
1994-01,1174.59,31.91002809288,386.88,2634.14,1.3093,68.98832076155,61.15121589939,14.25,2.4216,46.06369231090999,0.2271
1993-12,1094.3,30.596371640100003,383.3,2594.74,1.3627,66.07590266699,61.07658397350001,13.6,2.4626,48.13601290132999,0.2319
1993-11,1039.81,29.116009497220002,373.83,2629.38,1.355,62.690165548900005,59.97556978285999,15.15,2.6411,46.942632825340006,0.2231
1993-10,1087.1,29.677060709779997,364.18,2591.58,1.2990000000000002,56.04171150716999,58.92013998913,16.6,2.6698,46.09749700906,0.2269
1993-09,1115.38,30.984492626359998,355.28,2605.88,1.3779,51.21295271284001,58.79956889288,16.0,2.7337,46.967702741000004,0.2103
1993-08,1172.14,32.31581145917,378.84,2625.52,1.2888,51.22756572746,58.895880624280004,16.7,2.8043,43.833049406259995,0.2059
1993-07,1202.13,32.7955578516,392.19,2648.22,1.0891,50.77693484913,59.136758739769995,16.8,2.8197,41.605662189899995,0.2134
1993-06,1165.3,32.16689958934,371.89,2665.12,1.0267,47.59383535602,57.00670783156,17.65,2.7425,38.56159212985,0.2291
1993-05,1123.96,31.597764279120003,367.18,2694.58,1.0179,50.3234525946,58.069959559640004,18.5,2.6762,38.120799359530004,0.2608
1993-04,1108.53,32.34425630669,342.15,2774.73,0.9894,52.66180283445,56.35516062669001,18.65,2.5922,37.61218526652,0.2458
1993-03,1151.33,33.88187231681,330.08,2805.46,1.0119,54.04363204425,55.18393198361999,18.75,2.5263,38.56594189539,0.2341
1993-02,1201.85,34.99664806749,329.31,2847.42,1.0361,54.9968583776,54.51409632601,18.45,2.3876,41.14388368146,0.1887
1993-01,1206.76,35.25215839568,329.01,2861.41,1.034,56.0934457275,54.06148232028,17.4,2.3545,41.3864590148,0.1817
1992-12,1207.1,35.43743605938,334.82,2950.87,1.1202,55.157389403619995,53.18561779316,18.15,2.5417,42.70461833883,0.1797
1992-11,1159.05,34.521999008609995,335.02,3097.86,1.0509,54.963811230270004,53.09480816245999,19.2,2.5406,40.979918848850005,0.1889
1992-10,1173.78,35.754369195559995,344.38,3244.52,0.9742,54.15529665687,52.524298478009996,20.3,2.5003,39.776260959940004,0.192
1992-09,1269.61,38.51590367305,345.43,3368.12,0.9034,55.05737593564999,53.44382042729,20.25,2.4403,38.396595810390004,0.2053
1992-08,1305.05,39.65904269779,343.06,3426.62,0.8565,54.31355659297,53.86087889646,19.75,2.4454,38.82998922298,0.2162
1992-07,1313.05,39.75749208829001,352.72,3512.73,0.8640000000000001,56.98137177144,54.10591811486,20.25,2.3457,38.78423931516,0.2273
1992-06,1275.55,38.07576718729,340.81,3565.88,0.8195,59.760319508369996,54.60174728689999,21.15,2.3347,37.063316779459996,0.2284
1992-05,1306.79,37.989568963459995,337.24,3597.63,0.8307,59.885581870550006,54.384486962459995,19.9,2.3766,37.96483607896,0.2114
1992-04,1317.05,37.996261694859996,338.62,3631.04,0.9118,60.82362495374001,54.21265594055,18.95,2.3847,38.706363561020005,0.2086
1992-03,1280.47,37.407239846020005,344.34,3611.67,0.9389,63.656238010299994,54.980681151009996,17.6,2.4493,39.809212448779995,0.1812
1992-02,1266.83,37.12168567959,353.91,3634.89,0.9385,63.81760653428,55.06148963313001,18.1,2.5241,40.01186863927,0.1728
1992-01,1177.07,35.589255796719996,354.45,3632.64,1.0765,62.07079828823001,55.306669827700006,18.15,2.5715,43.163041695859995,0.1833
1991-12,1097.55,35.1903462578,361.73,3665.05,1.1197,60.00734572579,54.610056128850005,18.4,2.6081,45.135360817969996,0.1984
1991-11,1134.8,36.29313267075,360.17,3585.13,1.1112,58.785226949510005,54.68966854889,21.25,2.7073,45.14214146265,0.1903
1991-10,1150.03,36.2973023005,358.69,3681.13,1.0115,59.37888670465,55.12278824769,22.2,2.7198,44.87309218083,0.2011
1991-09,1211.81,37.02052712054,348.74,3541.1,1.0287,58.76640745372,55.04605658899,20.5,2.7448,46.10023279814,0.2048
1991-08,1256.45,37.32497564354,356.31,3531.14,0.99,58.40092140294001,54.574121938459996,19.75,2.6411,43.22786741184,0.2086
1991-07,1296.78,38.02393483645,367.69,3489.62,1.0005,56.88286469748,53.690641086990006,19.45,2.6874,42.71052489865,0.2273
1991-06,1275.15,37.57754512502,366.72,3466.27,1.0005,56.24313111135,54.20156426512,18.2,2.7029,44.4380080766,0.2028
1991-05,1296.05,38.39872656187,356.95,3439.41,1.0375,56.7986998396,53.82925045262,19.3,2.6259,45.96409595333,0.1671
1991-04,1391.86,40.96169038362,358.38,3396.7,1.1229,57.53675225902,54.91832729553,19.25,2.6112,47.316848091269996,0.1875
1991-03,1496.0,41.69856080585,363.34,3400.39,1.1324,58.852837568149994,55.53491703611,19.45,2.5918,48.427140279890004,0.2015
1991-02,1504.6,41.97567890119,363.83,3375.34,1.1435,58.539811495310005,54.95309948891,19.4,2.7269,47.78616652664,0.1876
1991-01,1515.18,42.10661713670999,383.64,3429.54,1.1647,56.72462654088,54.443575017,23.65,2.5931,48.531961922200004,0.1941
1990-12,1522.44,42.07065322449,376.95,3388.44,1.2447,53.585009186709996,54.107202057159995,28.0,2.5477,50.34177137304,0.2147
1990-11,1617.5,44.03392106255,381.73,3400.25,1.2231,53.7510800659,53.98597708972,33.0,2.5342,49.41804732478,0.2217
1990-10,1945.7,49.273064142200006,380.74,3287.27,1.2392,54.43516582348,54.656236214470006,36.05,2.5851,51.72723155826,0.2164
1990-09,2066.53,53.22938110319,389.32,3430.39,1.228,53.38308428731,54.67574415528,34.1,2.6969,52.79297029804,0.243
1990-08,1782.02,49.59725355585,394.73,3483.54,1.1856,55.36185182059,54.66811215642,27.05,2.6541,50.9745473566,0.24100000000000002
1990-07,1570.96,45.48618066733,362.53,3446.4,1.1039,57.016070244830004,55.144095231330006,17.55,2.5589,49.991171369359996,0.2643
1990-06,1565.79,44.28126022503,352.33,3420.22,1.1171,59.49236882698001,55.17129206096,15.7,2.504,49.890923260419996,0.28600000000000003
1990-05,1526.93,44.83477329125,369.05,3406.65,1.1821,61.160990263100004,56.338143683249996,16.7,2.48,53.66245046535,0.3225
1990-04,1525.55,44.4703350457,374.24,3354.45,1.2335,62.75506389029,56.861399420519994,16.75,2.472,52.79641729203,0.336
1990-03,1567.39,44.82549356261,393.06,3361.05,1.2292,61.28278794073001,56.54091602251,18.45,2.4839,52.257368118390005,0.3386
1990-02,1454.28,40.59151527005999,416.81,3384.92,1.1036,61.73690207011,56.11091908686,19.9,2.4573,46.58137857647,0.3229
1990-01,1528.25,41.3584199976,410.11,3342.65,1.0907,60.99292007745999,55.899942890119995,20.95,2.7847,44.42224471118,0.313
1989-12,1633.26,43.2731336815,409.39,3337.65,1.1317,61.088545172219995,55.39819135689999,19.85,2.877,42.59181856419,0.2956
1989-11,1736.09,45.74177470205,394.26,3333.87,1.1744,60.518927448199996,55.898190960200004,19.15,2.8418,43.07866077841,0.3312
1989-10,1820.02,48.82129338189,366.88,3339.52,1.1806,62.617536915440006,56.55764676454,19.0,2.7448,44.296015893450004,0.3184
1989-09,1717.93,48.0793557012,361.75,3304.64,1.3234,62.59921479448001,56.55481479849,17.8,2.6477,48.29728276092,0.3115
1989-08,1798.32,49.28257806599,365.14,3229.12,1.314,62.95108493611,56.29204670851,17.1,2.5481,47.6799478194,0.3086
1989-07,1755.93,47.08425031222,375.04,3257.04,1.4383,66.12038708461999,58.5525939919,17.75,2.4928,50.84043587370999,0.309
1989-06,1914.16,49.052876433570006,367.6,3237.67,1.8464,65.66787850019,59.79850182755,17.5,2.4361,58.5226511476,0.2787
1989-05,2259.31,54.93040360275,371.05,3181.6,2.0133,66.87389565644,59.67748573918,18.35,2.4299,62.60617256414,0.2641
1989-04,2125.75,55.92006283248,384.4,3161.72,2.011,65.20760951833,59.44251772389,19.75,2.4458,63.65876417256,0.2681
1989-03,2073.71,57.13983136763,390.15,3033.02,2.081,65.27683961919,59.49829360379,18.7,2.4396,64.25420968593001,0.2544
1989-02,2183.05,58.015483849809996,387.51,2870.53,2.1191,63.61677835175,57.9278327493,16.65,2.489,65.0441732547,0.2324
1989-01,2397.55,61.49262874491,404.01,2724.49,2.2342,63.66585030660999,58.03467416861999,17.0,2.4361,67.18258850002,0.2127
1988-12,2502.65,62.33910393215,419.05,2642.22,2.2151,62.22084883035,58.63202504201,15.15,2.5684,66.46046059063,0.2473
1988-11,2381.76,58.43918203479,420.17,2563.0,2.0428,62.18818745958,57.81624843253,13.0,2.5684,62.968159183900006,0.239
1988-10,2309.49,54.91970274465,406.78,2510.26,2.0744,63.61494021344,57.906601362619995,12.45,2.5684,60.90001827729999,0.2266
1988-09,2387.12,53.04162293969,413.46,2437.68,1.9789,63.621189596280004,58.204517566759996,13.3,2.5111,60.10722961311,0.22399999999999998
1988-08,2701.14,56.49713244455,431.28,2409.75,1.8001,61.60913189851999,57.60702020511,14.95,2.5111,60.95548284368,0.2457
1988-07,2582.05,55.11152003518001,437.63,2374.0,1.881,63.075006825980005,60.8853480653,14.9,2.4427,65.53684097257,0.3092
1988-06,3577.86,69.65108794748001,451.33,2340.16,2.0608,61.99250136660999,61.207762205959995,15.55,2.4229,67.19780776543,0.233
1988-05,2988.16,62.081428904140004,451.07,2379.98,2.0737,51.588970348000004,55.71223486134,16.4,2.4251,67.36356330832,0.1962
1988-04,2508.35,55.50986583979,451.55,2359.59,2.1204,53.36094496472,54.566920807109994,16.6,2.4912,65.81295178138001,0.1883
1988-03,2526.41,55.01104942528001,443.61,2453.13,2.1817,53.5463971326,53.89732429362,14.75,2.5904,66.59893420563,0.1878
1988-02,2138.02,47.36774263222,442.07,2536.19,2.2702,54.431747118400004,54.11511119387,15.75,2.614,69.06241646654999,0.1858
1988-01,2002.46,47.20776614367001,476.58,2608.79,2.2511,52.7342576465,56.01187209754001,16.85,2.4912,69.01452175211,0.2131
1987-12,1823.93,46.01473408079001,486.24,2631.12,2.2716,49.4866148185,54.99299795474,17.1,2.5126,67.92073998705,0.1829
1987-11,1681.0,41.8243923133,467.57,2711.86,2.3111,48.029218692410005,54.13354971637,17.8,2.5583,68.73954624547,0.1616
1987-10,1962.66,42.1544363545,465.35,2726.68,2.2822,48.08050790551,52.27366737244,18.8,2.5133,67.2139685998,0.1466
1987-09,1746.28,38.544761357670005,460.38,2743.91,2.1898,46.1021368583,51.68458325002,18.35,2.5067,65.95582682407,0.1283
1987-08,1810.37,39.158018789050004,461.15,2765.26,2.0845,41.60016506565,48.68774651501,18.95,2.3052,64.56487407117,0.1238
1987-07,1653.09,36.74436991769,450.52,2744.43,2.0388,41.67519510529,48.44960410852,19.8,2.3316,65.15229234158001,0.1345
1987-06,1472.33,33.8657813092,449.59,2766.86,2.1615,43.24212495962,49.114049486350005,18.85,2.3171,64.97358803197,0.142
1987-05,1411.6,32.85061282848,460.23,2737.0,2.3281,45.1202870661,49.75163550445,18.75,2.403,69.11264608985,0.1484
1987-04,1400.97,32.07186573994,438.35,2797.14,2.229,42.927752966670006,48.01209861323,18.1,2.3964,67.14712458292,0.1472
1987-03,1367.26,31.395603384770002,408.91,2775.51,2.157,42.09269988416,47.05472975208,17.9,2.3272,64.6932409659,0.1665
1987-02,1283.44,29.908302944540004,401.12,2769.11,2.4269,39.76000956242,47.44399120818,17.3,2.2773,68.52637913978,0.1626
1987-01,1171.4,28.331289872729997,408.26,2777.67,2.4996,38.955427292290004,47.30850375447,18.4,2.1826,70.02724904786,0.1431
1986-12,1133.48,28.042649574320002,390.92,2806.36,2.7465,38.82196676897,46.12325080287,15.9,2.1826,74.90482286759,0.1259
1986-11,1131.81,27.85192752033,397.56,2753.28,3.1337,39.82928943981,46.62502905357,14.55,2.1164,81.42718447983,0.131
1986-10,1161.94,28.327893784,423.51,2654.09,3.2808,38.102384818590004,46.56762381139,13.8,2.1076,86.16628377126,0.1188
1986-09,1205.82,28.98366813948,417.73,2607.02,3.6062,37.78753801439,46.586527291619994,14.2,2.0922,93.25461958993,0.1032
1986-08,1129.23,27.73476390092,376.66,2568.82,2.9751,39.75213103523,45.39735187932,13.65,1.9983,83.46976153993,0.1228
1986-07,1123.06,27.878488067579998,348.34,2599.26,2.7761,41.865121050949995,45.66461247664,9.45,1.9277,81.39775653018,0.1224
1986-06,1183.04,29.057132212309998,342.7,2604.64,2.7602,46.9078189147,46.82868846499001,11.85,2.0172,80.32493097345001,0.1401
1986-05,1164.3,28.63149352789,342.4,2638.78,3.1416,49.042735267859996,49.11530543448,14.2,2.0653,89.03375447764,0.1691
1986-04,1164.44,28.624379779690003,340.44,2655.77,3.4703,49.90497607918,50.53565245538,12.5,2.064,93.63218552989001,0.1837
1986-03,1168.01,28.868297081079998,345.7,2695.37,3.7229,50.80674641606,51.471625353730005,13.85,2.1914,98.7370924076,0.1533
1986-02,1114.85,27.99465561249,338.89,2680.73,3.5721,51.65940505319,51.1778600225,17.55,2.1605,97.46395368671,0.1235
1986-01,1119.24,28.197089970780002,347.48,2646.02,3.7516,53.49056584905,52.257035886779995,25.75,2.1826,101.44167683213001,0.1067
1985-12,1039.2,27.35343256296,321.9,2551.49,3.3669,52.228172209600004,50.92368492472,25.85,2.2267,92.90240492798999,0.1173
1985-11,950.4,26.05291628441,321.5,2465.83,2.7816,51.24647557604,48.513101966120004,29.05,2.1385,80.7899161301,0.1208
1985-10,970.5,26.772932227189997,325.85,2502.74,2.4544,48.99190729646,47.216080371379995,27.9,2.1363,76.91535996834,0.1105
1985-09,985.1,27.08875942428,323.35,2532.65,2.2941,49.434526725649995,47.321041986240004,27.15,2.079,74.9637361571,0.1129
1985-08,1019.3,28.03782788008,330.4,2568.57,2.3466,50.02046850879,48.16548813418,27.15,2.0662,74.95761450257,0.0968
1985-07,1011.6,28.35055196993,317.2,2582.51,2.3433,52.97551135291,49.0917093709,26.6,2.0514,74.95841185497,0.0708
1985-06,1032.2,28.587543156759995,316.5,2611.25,2.6497,54.69176827693,50.54030476938,26.45,2.0939,75.96960749427,0.0613
1985-05,1105.2,30.081415593590002,316.0,2634.51,2.6685,55.17069357396999,51.798296352390004,26.65,2.0917,77.02027874656,0.0622
1985-04,1106.3,30.00065401819,326.8,2675.23,2.702,56.73031422494,53.547390662859996,27.9,2.1319,78.58864571391999,0.0754
1985-03,1095.3,29.07990126184,313.5,2689.7,2.7079,56.66792276434,53.334995633190005,28.1,2.25,79.10688105458,0.0844
1985-02,1098.2,28.970559671479997,299.1,2730.48,2.7011,56.964579629510006,52.741552680299996,28.2,2.3149,80.15986716011999,0.0816
1985-01,1075.4,28.52243633648,302.79,2796.84,2.7675,57.32796204894,52.990574385509994,26.95,2.2692,81.14642036577,0.0796
1984-12,1095.2,28.53473906937,319.54,2854.79,2.7992,56.003694130359996,53.20802712943,26.979999542239998,2.2194,82.2937502679,0.0783
1984-11,1151.8,29.35089904779,342.0,2933.26,2.9998,57.75413129479,54.81349491872,27.70000076294,2.1014,84.50483694059,0.0961
1984-10,1027.9,27.39213827947,341.0,2932.06,2.9787,59.846912969819996,55.930005726190004,27.809999465940002,2.105,84.62461511721,0.1025
1984-09,1012.1,27.36935869157,340.2,2953.76,3.1189,62.38473370279,57.216523818489996,28.36000061035,2.1846,86.9637560612,0.0904
1984-08,1135.8,29.126019729590002,347.7,2907.89,3.0989999999999998,64.82698983788,57.4879969097,28.11000061035,2.2544,86.61691044894,0.08900000000000001
1984-07,1162.8,29.46063764809,347.71,2840.07,3.0402,64.99813704527,58.37991262144,27.909999847409996,2.2337,85.98958778708,0.1001
1984-06,1275.0,31.250251023070003,377.7,2759.88,3.165,65.85847028429,63.212143547630006,29.20000076294,2.3331,90.50701605116998,0.1217
1984-05,1289.1,31.7934292925,377.4,2687.46,3.2293,66.13326927886,66.35328924598001,29.899999618529996,2.3951,94.39187671266,0.1241
1984-04,1370.3,33.41206117118,381.37,2627.55,3.0325,66.98069263419,64.72152799479,30.12999916077,2.4692,92.69489552894001,0.1325
1984-03,1455.8,34.29950472624,394.26,2632.91,3.0433,66.20881262261999,64.14157571741,30.079999923709998,2.381,91.09860099886,0.1415
1984-02,1491.2,34.18120403573,385.96,2630.46,3.0049,63.17303397634,62.76053445417,29.87999916077,2.339,89.5364456075,0.1462
1984-01,1548.9,34.5241412039,370.89,2675.78,2.9306,65.11480552189,63.678303444250005,29.559999465940002,2.2619,92.33941097795,0.1536
1983-12,1549.3,34.93129003202,388.34,2709.22,2.9271,66.15956861587,62.22303567968,28.95000076294,2.3091,87.95577884203001,0.1702
1983-11,1516.8,34.42264628723,381.7,2745.91,2.8515,67.85970091355,62.17885984851999,29.20000076294,2.4068,83.17857288891999,0.1836
1983-10,1566.3,35.30825954092,393.6,2741.07,2.8726,68.53114988176,62.87879557346999,29.850000381470004,2.452,80.19007592986999,0.2147
1983-09,1613.7,36.56589744664,411.8,2678.49,2.6877,69.37008036409,62.776011152680006,30.350000381470004,2.4654,77.73693572748,0.2079
1983-08,1603.6,36.7711539729,416.2,2692.84,2.6526,68.31953018832,61.792986013909996,31.100000381470004,2.4802,78.65149525805,0.2328
1983-07,1520.2,35.97010238523,402.91,2668.06,2.6469,63.95934627199,56.82127583575,30.79999923706,2.4582,77.78786835471,0.2321
1983-06,1465.6,35.29342337996,412.84,2637.52,2.6511,63.74469304491,55.73664742604,30.20000076294,2.467,78.66021594764,0.2368
1983-05,1453.4,35.59815528203,438.01,2613.0,2.7152,65.03663077331,56.06180617943001,29.600000381470004,2.5375,76.14594689897,0.2036
1983-04,1363.6,33.92991504171,432.88,2619.76,2.6727,65.93157183364,54.60515266552999,29.75,2.5441,72.47468457232,0.1479
1983-03,1301.8,32.69699263105,419.7,2601.79,2.6727,63.76245998145001,52.48431433474,28.20000076294,2.4934,71.39842913248,0.1367
1983-02,1230.4,31.825439041359996,491.09,2598.64,2.6846,61.09217182186,51.46991815007,29.100000381470004,2.381,72.35189931418,0.1417
1983-01,1076.5,29.34442086314,481.29,2572.24,2.745,58.40015635608001,50.702982171879995,30.850000381470004,2.2840000000000003,70.93935725558,0.1327
1982-12,987.4,28.028393592390003,444.5,2556.16,2.8177,57.685613205600006,50.59242604134,31.75,2.4802,68.97968331100999,0.1391
1982-11,965.2,27.642306421129998,414.89,2485.0,2.6943,56.00424718672,50.02199359841,33.79999923706,2.4802,68.13412876235,0.1433
1982-10,951.5,27.89182970173,422.15,2516.15,2.5856,52.404942612250004,48.728264449659996,35.0,2.4802,69.08023662377,0.1302
1982-09,959.5,27.9981640538,437.31,2585.79,2.4092,56.274874072909995,50.15750419219,34.25,2.425,68.30923988784001,0.13
1982-08,958.9,28.24886518604,364.23,2554.87,2.2478,57.55303065388001,50.420494025500005,32.84999847412,2.2421,64.79476370302,0.149
1982-07,957.8,28.17977089157,338.97,2597.12,2.1678,59.93315095153001,51.76939365545999,33.70000076294,2.2267,64.22751409857,0.1726
1982-06,918.8,26.90987929788,314.98,2635.91,2.2408,61.24772378657,53.180711534820006,34.59999847412,2.381,65.72374151503,0.151
1982-05,973.3,29.074213867420003,333.71,2652.52,2.2822,63.85751238436,55.428832856490004,35.180000305179995,2.4141,67.71162562873,0.1792
1982-04,996.2,29.36545677073,350.3,2610.86,2.3455,64.67746193765001,55.56862862236,33.11999893188,2.403,68.95761184913,0.2103
1982-03,1029.2,29.944634095890002,330.25,2566.26,2.4685,64.64420604022,55.83621324766,29.29999923706,2.381,72.87291325365,0.2484
1982-02,1087.7,31.53195260894,374.13,2535.74,2.5168,64.51155729274001,56.97586115436,31.62000083923,2.381,76.33823817244,0.2884
1982-01,1113.3,31.909366023249998,384.14,2471.1,2.3076,66.42567832281999,57.458020193850004,35.84999847412,2.381,74.52546730734001,0.2862
1981-12,1130.88427734375,31.787964221929997,410.09,2437.1,2.273,67.18457156849,56.822150702090006,36.70000076294,2.3598,71.88531747312,0.2851
1981-11,1081.84643554688,31.060064943290005,413.37,2405.27,2.3135,71.55970880205999,57.795909439569996,37.11999893188,2.3706,71.82348349745999,0.2622
1981-10,1140.181640625,31.89107559515,437.76,2378.4,2.1656,72.18296016243,58.00470773572,36.54000091553,2.4335,70.71802120172,0.2655
1981-09,1168.9111328125,32.71327909328,443.75,2309.46,1.9703,74.97324285726,58.758644400840005,35.90999984741,2.4881,70.83626887736999,0.2568
1981-08,1230.82885742188,34.053477950609995,410.16,2313.73,1.9786,78.18232948819,60.072632492530005,35.79999923706,2.4141,69.17768996325,0.33
1981-07,1175.31127929688,32.57316049051,409.07,2283.32,1.9357,81.78381725386,61.64738707061999,35.06000137329001,2.4141,65.79477905747,0.3602
1981-06,1232.40673828125,33.18832762323,461.09,2298.17,1.8583,82.11744644791,61.768550176009995,33.25,2.4357,59.78627874644,0.361
1981-05,1296.99584960938,34.27729374592,479.7,2296.24,2.3477,82.88330950195,63.31266725479,35.18999862670999,2.4901,68.74707125596,0.3305
1981-04,1369.23461914063,35.6232592873,495.8,2292.45,2.4507,84.57201959682,64.99464982954001,37.18999862670999,2.5309,72.23808010739,0.3931
1981-03,1442.9519042968802,36.373302847279994,499.11,2286.29,2.4723,82.78475321844,66.30815494545,38.34999847412,2.4978,72.35390421144,0.4966
1981-02,1452.3811035156302,36.359885036979996,499.76,2288.69,2.4886,82.36309531903001,66.93936162192,38.70000076294,2.5739,71.71178855069,0.532
1981-01,1430.82958984375,36.627588697090005,557.39,2271.12,2.6283,83.84239717871999,69.12717887629,40.29999923706,2.6837,73.55625848995999,0.616
1980-12,1430.65673828125,36.75365362273,538.26,2234.06,2.5505,81.50346648789001,68.81927472731,40.15000152588,2.7507,71.58239291128,0.633
1980-11,1503.91015625,38.52977441507,624.77,2258.46,2.5183,83.79402538393,72.88984962655,40.84999847412,2.9377,71.29103563176999,0.833
1980-10,1626.1520996093802,40.443486869590004,661.15,2224.33,2.7242,80.02919113221999,72.00394730468001,37.90000152588,2.8623,76.15376898244,0.894
1980-09,1655.0656738281302,40.936660520740006,673.63,2226.88,2.7567,78.92917966378,71.65487229655,33.40000152588,2.8473,77.52056010531,0.7649
1980-08,1783.6271972656302,42.495802502009994,627.15,2263.02,2.9496,78.63468559239,69.48695869149,33.59999847412,2.9213,79.79335556929,0.7028
1980-07,1758.0749511718802,42.54361348532,643.27,2297.52,3.2809,75.26362217393,68.41884731085,37.40000152588,2.7549,87.04201069581998,0.609
1980-06,1668.96044921875,40.34731966057,600.72,2297.72,3.7613,70.15069884035,68.04242095529,38.0,2.5108,94.53468339119,0.679
1980-05,1775.8037109375,41.7425410304,513.8,2305.8,3.8848,69.32490229039,68.77626114861,38.5,2.4361,97.7093604818,0.6816
1980-04,1932.45556640625,44.11327057935,517.41,2323.69,3.6464,67.53871844983001,66.25926481843,38.15000152588,2.5245,98.47536535729999,0.46799999999999997
1980-03,1978.37890625,46.30537512252,553.58,2292.46,3.7225,68.60985571335999,67.43561784696,38.25,2.6015,101.5891485376,0.433
1980-02,2131.00854492188,51.63189818877,665.32,2300.11,3.5521,69.33878251029,69.38441028524001,38.5,2.9663,99.21445471770001,0.5
1980-01,2054.86010742188,48.70277432955999,675.31,2286.27,3.5713,67.57235752293,67.21586305016999,40.0,3.0062,99.35571597575,0.381
1979-12,1913.4943847656302,44.58305969795,455.08,2294.97,3.9019999999999997,69.33038977912,67.00190264755,40.5,3.0975,105.31447340004,0.32899999999999996
1979-11,1832.54736328125,42.671033092920005,391.99,2295.14,3.909,68.86731988328,66.20797383758,42.0,3.0283,105.10100830156,0.303
1979-10,1786.22021484375,42.08253195866,391.66,2328.32,4.064,68.94497882390999,65.87153127865,38.5,2.8594,106.92609037533,0.262
1979-09,1615.60888671875,39.98541252931,354.95,2339.93,4.2293,68.07538698257,66.73928585359,36.5,2.8847,109.32219683841,0.2182
1979-08,1561.8942871093802,38.52787267351,300.82,2340.27,4.0111,67.0684295034,65.79743106173001,35.75,2.5607,105.25387304978001,0.1956
1979-07,1534.4680175781302,37.62115693505999,294.74,2335.45,4.3241,68.82097703295,67.0273050785,35.0,2.4753,108.69705878498002,0.1878
1979-06,1596.5595703125,38.86298922095,279.07,2342.29,4.1621,65.71966964819,66.14999225,36.5,2.775,108.02018347104999,0.1795
1979-05,1576.0822753906302,38.49939257963,257.59,2362.07,3.2558,60.67879681799,61.6942571126,32.75,3.036,94.11889122206,0.1731
1979-04,1569.1862792968802,39.016859254749996,239.11,2350.83,3.1262,59.96369380609,61.101707628039996,23.649999618529996,3.1526,93.82886996989001,0.1724
1979-03,1541.69091796875,38.23014715406,242.05,2398.74,2.9809,59.36801693494,60.300714596800006,23.25,3.0122,88.38452567729,0.1865
1979-02,1441.91015625,36.2068334472,245.67,2364.48,2.9211,58.013112325609995,59.36040483685,22.0,2.9286,88.08031726393,0.1814
1979-01,1264.75634765625,32.33370300435,227.28,2380.71,2.9377,57.289576196469994,58.01536180034,18.95000076294,2.7979,91.16428612823,0.1669
1978-12,1408.7521972656302,33.05130980832,207.85,2345.85,2.9118619999999997,55.250877034300004,57.367691613869994,0.0,2.5697,95.00081124559,0.1764
1978-11,1394.4221191406302,32.68663901041,206.2,2328.99,3.180385,57.1629291098,57.82594648768001,0.0,2.4196,100.51921916762,0.1766
1978-10,1424.62548828125,33.24657135102,227.44,2305.41,3.3095760000000003,58.81340427998,58.36847377109,0.0,2.3462,100.54618893778,0.1975
1978-09,1382.2966308593802,31.996541331590002,212.08,2309.24,3.238587,57.454574279730004,56.88991388966999,0.0,2.2419,99.19836435820999,0.1801
1978-08,1320.5673828125,30.98982200715,206.3,2311.11,2.831835,57.12822958474,54.20436199585,0.0,2.0252,89.37016505948,0.1561
1978-07,1289.70263671875,29.98557928573,188.73,2286.81,2.789726,59.36429937426,53.99504979663,0.0,1.9509,86.18945147303002,0.1418
1978-06,1247.81494140625,29.44549893027,183.75,2234.8,3.331985,62.52526967259,56.31079985051999,0.0,1.9886,93.13825697015999,0.1594
1978-05,1236.79174804688,29.05786976777,176.31,2211.87,3.000198,64.01406352534,57.40399623667,0.0,2.2509,93.19784411393,0.1616
1978-04,1258.83813476563,29.17132996305,175.28,2231.68,3.192216,64.60257010710001,58.598386309350005,0.0,2.2377,102.14949134362,0.1673
1978-03,1298.52124023438,29.423382882909998,183.61,2207.0,3.475283,61.702861633859996,56.853708569700004,0.0,1.9996,99.77107310903,0.1706
1978-02,1320.5673828125,29.5254645019,178.14,2230.98,3.848296,57.54492782615,54.182212523850005,0.0,1.9136,99.74754905998002,0.187
1978-01,1316.158203125,29.836728664450003,173.18,2212.47,3.904953,54.7384253983,53.42017238858,0.0,1.7154,103.18123077343,0.1933
1977-12,1261.04272460938,29.49255961398,160.45,2269.47,3.716242,53.91540256612001,52.98922586109,0.0,1.5849,104.91236332338,0.1784
1977-11,1236.79174804688,28.71199979467,162.1,2261.85,3.675237,51.226549389729996,51.7323029342,0.0,1.4601,107.26103960113001,0.1559
1977-10,1203.72241210938,28.353633611309995,158.95,2255.52,3.834407,46.96861071553,50.15448717492001,0.0,1.4632,107.24472999965,0.1563
1977-09,1183.880859375,28.18551224132,149.53,2224.09,4.442207,45.271433471429994,50.92606722399999,0.0,1.4149,116.17004930098999,0.1612
1977-08,1183.880859375,28.000499523529996,144.94,2206.82,4.482551,44.436355599849996,51.90117851327,0.0,1.3891,120.31498036486,0.1678
1977-07,1170.6533203125,28.245806127990004,143.39,2222.4,4.331758,46.15029198927,54.35958649127,0.0,1.4178,128.60914626758,0.1629
1977-06,1102.31005859375,27.65621487035,140.78,2246.77,4.938676,47.43344177601,59.65428043361,0.0,1.4612,138.70573129075,0.1735
1977-05,1082.46850585938,27.932908179720002,146.61,2264.97,5.942636,48.64945641825,63.32186931117,0.0,1.4980000000000002,143.76595558026,0.1986
1977-04,1082.46850585938,28.240302620259996,149.17,2260.93,6.883547,50.296013261140004,66.36185774353001,0.0,1.5505,156.82145576634,0.2213
1977-03,1082.46850585938,28.97189400575,148.23,2240.98,6.747966,51.96154454535999,63.9027678742,0.0,1.6222,154.68637920419,0.198
1977-02,1078.05908203125,28.372747298770005,136.24,2269.89,5.4313970000000005,52.519942848439996,58.7696384641,0.0,1.6383,132.14100251427,0.1894
1977-01,1058.21752929688,27.805716830500003,132.26,2323.42,4.767601,52.79708374753,55.82061192878,0.0,1.5774,117.3984627459,0.1839
1976-12,974.44213867188,25.90277797843,133.93,2326.62,4.496439,50.60318398142,53.34677503231,0.0,1.4972,105.92037828587,0.1664
1976-11,947.98657226563,25.421106938970002,130.46,2292.7,3.8857730000000004,49.632062955209996,51.72462171689,0.0,1.4125,97.29585152924,0.1737
1976-10,947.98657226563,25.50729135383,116.15,2276.03,3.3487400000000003,52.536341171240004,50.96493009444,0.0,1.4284,88.63283049142001,0.177
1976-09,996.48828125,27.00142261764,114.15,2280.46,3.022024,55.18163772055,50.845638378859995,0.0,1.5615,81.77370187886,0.1792
1976-08,939.16821289063,26.74221047907,109.93,2231.33,2.915763,54.88368275829001,49.88525385225,0.0,1.5785,77.09889011287,0.2209
1976-07,903.89428710938,26.990071427070003,117.73,2212.95,2.78415,57.85292568071,50.848000220390006,0.0,1.5302,71.57422069839001,0.2912
1976-06,804.68627929688,25.12574505883,125.71,2198.62,2.867263,58.44298354248,50.321675160139996,0.0,1.6006,73.64042199754,0.2864
1976-05,824.52783203125,25.19398434639,126.92,2174.43,2.681638,57.34181675076999,47.503866641609996,0.0,1.7758,67.70291907640001,0.3206
1976-04,820.11865234375,25.10014825744,127.94,2107.46,2.376305,56.18121298197,45.69700456386,0.0,1.8071,62.86426880906,0.3097
1976-03,815.70947265625,23.92671161466,132.76,2110.01,1.8159040000000002,57.558663289680005,44.639860186570004,0.0,1.7069999999999999,51.662684423079995,0.3261
1976-02,850.9833984375,23.65644677649,131.06,2052.26,1.822297,57.94197145931,44.009899903459996,0.0,1.5871,51.90123597023,0.2976
1976-01,853.18798828125,23.51806538644,131.05,1977.71,1.744476,57.83333364138001,43.10756198094,0.0,1.4861,50.08408079915999,0.3091
1975-12,837.75561523438,22.392895962789996,139.3,1905.39,1.6320430000000001,59.151463548319995,41.876351914320004,0.0,1.4449,45.10343191877,0.2908
1975-11,813.5048828125,22.29175780697,142.42,1893.61,1.574283,61.27727607521,42.147212406479994,0.0,1.4663,43.83803679908,0.2969
1975-10,815.70947265625,22.32901453158,142.79,1898.57,1.6108790000000002,65.90140680989,44.525874431309994,0.0,1.5331,45.04061650295,0.3101
1975-09,826.732421875,22.70089601576,144.17,1879.64,1.677677,67.81693118179,45.84555405794001,0.0,1.4165,45.674572534119996,0.3417
1975-08,837.75561523438,23.08039295962,163.0,1885.59,1.69862,68.76658476355,47.6863935789,0.0,1.2992,46.66782049177,0.4102
1975-07,864.2109375,23.052970253839998,165.17,1864.54,1.293641,63.086701462709996,44.092763158800004,0.0,1.3466,41.4386256138,0.368
1975-06,903.89428710938,23.4802393438,164.24,1852.98,1.087734,61.86963960926,41.908977017350004,0.0,1.3327,38.46288534298,0.3009
1975-05,903.89428710938,23.78278311812,167.39,1859.52,1.047611,63.86328604404,43.416574079200004,0.0,1.3695,37.009846158390005,0.3909
1975-04,897.2802734375,24.28025632061,169.84,1843.91,1.0809,66.80319582968,46.71438637403,0.0,1.2809,37.798841009040004,0.528
1975-03,917.12182617188,24.717031927969998,178.16,1809.61,1.0943479999999999,67.50650763953,46.99180272485,0.0,1.1431,36.655319489920004,0.5820000000000001
1975-02,908.30346679688,24.21206756614,179.6,1732.73,1.154974,68.71479837057,49.163699163740006,0.0,1.1468,37.81500597209,0.7491
1975-01,895.07568359375,23.78694930689,176.27,1677.78,1.197522,72.23349787724,53.23523601455,0.0,1.1455,38.5837369258,0.8445
1974-12,859.8017578125,23.008644942870003,183.78,1644.11,1.216481,80.05364184459,58.532093692980006,0.0,1.2639,43.153336554279996,0.9894
1974-11,842.16479492188,23.50740146087,181.66,1624.69,1.227063,81.39882378786,62.5295257992,0.0,1.3232,43.032118994090006,1.2377
1974-10,844.36938476563,23.50487857862,158.78,1590.67,1.21119,86.20396042724,61.66847163882,0.0,1.3852,42.33204860253,0.8708
1974-09,837.75561523438,24.08278570664,151.75,1576.75,1.188704,82.23192199270001,57.554750345630005,0.0,1.3971,41.88094295532,0.7529
1974-08,848.77880859375,26.22628034053,154.64,1554.54,1.234779,83.1533052262,58.26100047783001,0.0,1.6058,43.978303492980004,0.6753
1974-07,760.59399414063,25.7690933349,142.98,1530.14,1.303562,80.17647919545,54.44798026557,0.0,1.6409,46.299971989659994,0.5518
1974-06,756.1845703125,28.84293118211,154.1,1502.41,1.362424,79.8092985616,52.43261668018,0.0,1.4451,46.49111204745,0.5183
1974-05,765.00317382813,31.98425761865,163.27,1427.35,1.422608,79.21660553375,53.035555946479995,0.0,1.5448,46.038434744359996,0.521
1974-04,751.775390625,32.56213111385,172.24,1401.16,1.411586,82.03109060185001,53.52193665035999,0.0,1.6182,46.22325510385,0.4762
1974-03,687.84155273438,29.99699156939,168.42,1341.7,1.382706,86.04527975244,55.71630057674,0.0,1.7428,44.99940603551,0.4652
1974-02,619.49829101563,26.5075583333,150.13,1310.72,1.334867,88.69121553773,57.23690538172,0.0,1.9826,44.903352297329995,0.465
1974-01,604.06591796875,24.48112275536,129.19,1280.63,1.2266219999999999,81.95803053636999,53.693127433479994,0.0,2.0371,43.12237333745,0.3342
1973-12,632.72583007813,26.017253982539998,106.72,1247.9,1.190467,79.37020409587,50.46921750732,0.0,2.0693,36.37067935471,0.2612
1973-11,650.36279296875,26.20611044559,94.92,1222.18,1.1684219999999998,75.04197563369,46.425663222989996,0.0,2.1429,36.08419243584,0.2235
1973-10,621.70288085938,23.88664106101,100.08,1202.69,1.146376,66.21861560626999,44.807119207540005,0.0,2.1839,36.032411677969996,0.2096
1973-09,604.06591796875,22.60035325527,102.97,1179.2,1.1044889999999998,69.69667823547,45.29844623969,0.0,2.2624,35.49123112423,0.1977
1973-08,619.49829101563,23.627854374130003,106.76,1150.06,1.044966,73.47708909670999,49.79036809142,0.0,2.459,35.440736435359995,0.1977
1973-07,634.9306640625,23.17671203014,120.17,1135.95,1.058193,58.66704622339001,50.1670340791,0.0,1.9575,35.845678528600004,0.2098
1973-06,601.861328125,20.948645251160002,120.12,1116.3,1.077593,47.02891554859,46.54218652589001,0.0,1.7996,36.267753280140006,0.2067
1973-05,582.01977539063,19.458167623199998,101.96,1087.36,1.0745069999999999,43.56730764736,41.1775851999,0.0,1.8479,36.03276242073,0.2001
1973-04,570.99658203125,19.423894340270003,90.5,1066.55,1.077593,40.93050774087,36.90864444654,0.0,1.8532,35.00237011908,0.1982
1973-03,570.99658203125,18.9372451612,84.37,1046.86,1.10978,41.1074483699,36.64247920670999,0.0,1.9795,35.82715962945,0.1933
1973-02,557.76879882813,17.26698933538,74.2,1039.48,1.091923,40.651505998690006,35.859644619470004,0.0,1.8744,35.98632779404,0.1979
1973-01,542.33642578125,16.33351865494,65.14,1041.72,1.0540049999999999,40.5478541047,33.02611484769,0.0,1.7009,34.22960933668,0.2072
1972-12,540.1318359375,15.67855519401,63.91,1056.18,1.052902,37.48062047665,30.4955650417,0.0,1.5695,27.93504551182,0.2017
1972-11,540.1318359375,15.586039936199999,62.91,1048.86,1.0443040000000001,33.49433888158,27.681521399829997,0.0,1.4846,27.63985615295,0.1604
1972-10,537.92724609375,15.07855433218,64.86,1061.76,1.036809,32.42567073641,26.91812394752,0.0,1.4687,27.7130349753,0.1633
1972-09,537.92724609375,15.826148328399999,65.46,1062.84,1.034604,31.29134776392,26.514303891550004,0.0,1.4577,27.72187478825,0.1558
1972-08,540.1318359375,15.764253086470001,67.03,1081.81,1.040557,28.282937332590002,25.778299424140002,0.0,1.4916,28.117621629509998,0.1378
1972-07,537.92724609375,15.67850915014,65.66,1062.48,1.043863,26.707491203770005,25.38032492217,0.0,1.5066,28.52382222564,0.1225
1972-06,566.58740234375,16.1977620985,62.09,1072.21,0.9625149,26.34032437336,25.40956029637,0.0,1.5351,27.1553201337,0.1395
1972-05,599.65673828125,16.86025872056,54.62,1060.87,0.9647195,26.476056100229997,25.671437661210003,0.0,1.5055,26.84921898523,0.1462
1972-04,670.20458984375,17.88513372337,49.03,1066.04,0.9627353000000001,26.13846364415,25.735280944310002,0.0,1.4991,26.356924920679997,0.156
1972-03,670.20458984375,17.761339980829998,48.33,1088.67,0.949508,25.922578822679995,25.74091655775,0.0,1.4548,26.237067294699997,0.185
1972-02,670.20458984375,17.73003591576,48.26,1115.16,0.9307690000000001,25.714366284820002,25.114133082720002,0.0,1.4042,25.94559268317,0.18100000000000002
1972-01,670.20458984375,17.50003562532,45.75,1106.83,0.9296668,25.704996188499997,25.132548756470005,0.0,1.3858,25.83123964021,0.1741
1971-12,665.79516601563,17.134404530239998,43.48,1100.62,0.9373828000000002,27.47984276428,24.731886892389998,0.0,1.3166,24.981029896939997,0.1275
1971-11,641.54443359375,16.665191957429997,42.86,1102.4,0.9254780999999999,27.589092426420002,24.536888486410003,0.0,1.2862,24.55851683027,0.0935
1971-10,639.33984375,16.76456250274,42.5,1081.58,0.9190849,27.81210277999,24.70277235915,0.0,1.3129,24.4966685787,0.0928
1971-09,639.33984375,16.80594167769,42.03,1042.75,0.9243758,27.83045835283,24.7355244179,0.0,1.2968,24.74594770888,0.0879
1971-08,628.31665039063,16.914775414770002,42.71,1001.25,0.9298873,27.38113437298,25.19480739256,0.0,1.3241,25.16244586611,0.0937
1971-07,617.29370117188,16.85969026331,40.95,1011.61,0.9283440000000001,27.308223093629998,25.018759619460003,0.0,1.3479,25.322815693109998,0.092
1971-06,617.29370117188,16.64172434836,40.1,1035.09,0.9340759,27.16759204406,24.64807159154,0.0,1.3711,25.10608976912,0.0915
1971-05,617.29370117188,16.80748818885,40.52,1038.8,0.9400281999999999,27.18336417981,24.70301766609,0.0,1.4039,25.640269892139997,0.0961
1971-04,617.29370117188,17.5060562154,39.01,1012.52,0.9400281999999999,26.4585169394,24.774838025879998,0.0,1.4021,26.095328667249998,0.1005
1971-03,617.29370117188,16.954529286720003,38.87,1020.68,0.9406896,26.701048923080002,24.78968400908,0.0,1.3812,24.6601958829,0.1034
1971-02,617.29370117188,16.29307820657,38.74,1018.55,0.9296668,27.169290030889997,24.829238225029997,0.0,1.3717,24.470584648449996,0.1063
1971-01,617.29370117188,16.26183600708,37.88,1045.91,0.9298873,28.17451613137,25.073258293570003,0.0,1.3358,24.64579815863,0.10400000000000001
1970-12,617.29370117188,16.37250334785,37.44,1063.19,0.9190849,28.06931876104,25.158289173340002,0.0,1.3069,26.318283527989998,0.0906
1970-11,617.29370117188,16.5969337673,37.44,1057.02,0.9159985,28.08066681731,25.238007388990003,0.0,1.2703,26.71815283044,0.0901
1970-10,617.29370117188,16.904249868599997,37.52,1025.76,0.9415715,27.795439720130002,25.02553146849,0.0,1.284,27.626128689250002,0.0866
1970-09,617.29370117188,17.44122428811,36.19,1071.75,0.9387055000000001,27.570056503740002,24.63575785311,0.0,1.28,27.946755821529997,0.0853
1970-08,617.29370117188,17.53539633854,35.38,1082.6,0.9446578000000001,27.45362487191,24.72780172459,0.0,1.2469,28.16730179923,0.0841
1970-07,617.29370117188,18.0462549016,35.32,1065.43,0.9424534,27.084331792620002,24.954631372199998,0.0,1.2928,28.397916908350002,0.0842
1970-06,617.29370117188,18.513988105579998,35.42,1047.34,0.9298873,26.98024498327,25.037432738120003,0.0,1.2979,28.27670430433,0.0842
1970-05,617.29370117188,19.23076427826,35.95,1074.77,0.9400281999999999,26.83354089904,24.97724535619,0.0,1.3349,28.424795144820003,0.0805
1970-04,612.88427734375,19.94905126609,35.62,1119.96,0.9129120999999999,26.832541255370003,24.732028233660003,0.0,1.3622,28.15283747422,0.0787
1970-03,606.2705078125,19.94251092216,35.09,1111.53,0.8679388000000001,27.12294883065,24.543082886700002,0.0,1.3461,27.63416211461,0.0745
1970-02,606.2705078125,19.45421687959,34.99,1114.27,0.8474364,27.558443456350002,24.487540942460004,0.0,1.3338,27.30353285299,0.069
1970-01,606.2705078125,19.298999056720003,34.94,1078.11,0.8619865,27.99393973325,24.442975265300003,0.0,1.2957,27.31652440079,0.0791
1969-12,606.2705078125,19.515154081389998,35.17,1061.92,0.8284771000000001,27.91699580714,23.9906938117,0.0,1.2145,27.80544136568,0.0622
1969-11,606.2705078125,19.131851512429996,37.4,1096.38,0.8207610999999999,28.49486959685,23.75636582086,0.0,1.2114,28.521411470759997,0.067
1969-10,601.861328125,18.63583102381,40.44,1139.14,0.8450114,28.19391871697,23.707042086199998,0.0,1.2324,28.62811782625,0.065
1969-09,584.22436523438,18.545832008599998,40.87,1096.94,0.7630014,28.223841733070003,23.21864933413,0.0,1.3203,26.81142165142,0.0604
1969-08,584.22436523438,18.688349570110002,41.09,1121.04,0.724642,29.30215847066,23.33869833903,0.0,1.3748,26.00545982511,0.065
1969-07,584.22436523438,17.88270784686,41.76,1149.61,0.6871642,30.41537157447,23.38613935699,0.0,1.3014,25.700947465120002,0.0765
1969-06,584.22436523438,17.99904059187,41.44,1125.81,0.6772437,30.56805788678,23.584662983639998,0.0,1.3119999999999998,25.33809012281,0.0803
1969-05,584.22436523438,17.52382913725,43.46,1114.63,0.6496865,30.137615144820003,23.31828126013,0.0,1.2409999999999999,24.31128855599,0.0805
1969-04,584.22436523438,17.47616365097,43.31,1110.75,0.6589457,29.155495551079998,23.10906013457,0.0,1.1632,25.18748800956,0.0805
1969-03,584.22436523438,16.90297231073,43.16,1098.65,0.6871642,28.999049117720002,23.126497093239998,0.0,1.125,25.744687219970004,0.0774
1969-02,584.22436523438,16.92777624494,42.6,1097.91,0.7081076,28.6837000634,22.69630819179,0.0,1.0911,26.10989413848,0.0688
1969-01,573.201171875,16.63910823881,42.3,1135.81,0.7065644,28.84157931831,22.6371275279,0.0,1.0873,26.29138146934,0.0635
1968-12,562.17797851563,15.89784944047,41.08,1165.63,0.7094303000000001,28.247599962309998,22.62018899463,0.0,1.0897,27.47134985038,0.0602
1968-11,562.17797851563,15.459508086029999,39.78,1167.22,0.7233191,28.25373005335,22.362751685170004,0.0,1.1034,27.042190225269998,0.0509
1968-10,562.17797851563,15.331304256179997,39.21,1183.73,0.7400739000000001,27.732283405020002,22.03459887882,0.0,1.1704,25.590106267849997,0.039
1968-09,562.17797851563,15.48609238811,40.18,1228.75,0.749333,28.300002051279996,22.025149049439996,0.0,1.1587,24.98004949653,0.0304
1968-08,562.17797851563,15.22213695982,39.19,1180.58,0.7475694,28.63501355867,21.78052825348,0.0,1.0968,23.635573409960003,0.0337
1968-07,562.17797851563,15.20346169901,39.46,1173.9,0.7497739999999999,29.36764993081,22.23945409101,0.0,1.0992,23.457574989330002,0.0359
1968-06,562.17797851563,15.61092393582,41.14,1205.41,0.7566082,29.09538990072,22.361735828540002,0.0,1.1062,23.4052162817,0.0384
1968-05,540.1318359375,15.133835714870003,40.7,1200.88,0.7550649,29.57501257868,22.87951498104,0.0,1.0785,23.472825871620003,0.0414
1968-04,540.1318359375,15.936070812089998,37.86,1210.46,0.7533013000000001,30.271690758920002,22.86275818315,0.0,1.0459,23.552288922010003,0.0388
1968-03,540.1318359375,18.20919939496,37.0,1234.74,0.7548444999999999,31.71592847513,23.13669938475,0.0,1.0251,23.46630485718,0.0417
1968-02,540.1318359375,18.30335162309,36.0,1248.52,0.7566082,31.72238948585,23.14407862355,0.0,1.0226,23.469688115060002,0.0461
1968-01,540.1318359375,16.716294696120002,35.5,1253.81,0.7596944999999999,31.21362283545,22.93187503726,0.0,1.026,23.72284146479,0.0467
1967-12,540.1318359375,16.2615183359,34.95,1299.43,0.7499944000000001,31.08060363302,23.106851401079997,0.0,1.0201,23.71830275718,0.047
1967-11,540.1318359375,16.93886601347,34.95,1299.43,0.7477898000000001,31.33091470771,23.547385345770003,0.0,1.0126,24.09318706599,0.0485
1967-10,540.1318359375,15.32247568042,34.95,1299.43,0.729492,32.1553416271,23.541909684960004,0.0,1.0432,23.39969976235,0.0428
1967-09,540.1318359375,14.92422932049,34.95,1299.43,0.7239805,32.22203162734,23.504197938910004,0.0,1.0384,23.66993107653,0.037000000000000005
1967-08,540.1318359375,14.859149176879999,34.95,1299.43,0.7175872,32.03391450537,23.28553591832,0.0,1.0285,23.30934721737,0.0362
1967-07,540.1318359375,14.622100347220002,34.95,1299.43,0.7407352,32.763587546240004,23.57341898095,0.0,1.0353,23.46187653031,0.037000000000000005
1967-06,540.1318359375,14.724396834270001,34.95,1299.43,0.7824015999999999,32.076818206809996,23.802264975760004,0.0,1.0362,23.878248120669998,0.0547
1967-05,540.1318359375,14.83017010276,34.95,1299.43,0.7702765,31.750803435050003,23.45891549542,0.0,1.0351,23.5201059421,0.055999999999999994
1967-04,540.1318359375,14.6127626808,34.95,1299.43,0.7471284,31.477485331799997,23.37411654436,0.0,1.0569,23.14840357649,0.0452
1967-03,540.1318359375,15.15294170681,34.95,1299.43,0.7257441,31.603798654659997,23.301645844590002,0.0,1.0448,23.027589554749998,0.0346
1967-02,540.1318359375,15.77493004109,34.95,1299.43,0.7286100999999999,30.642334390220004,23.216501700440002,0.0,1.0642,23.368962144530002,0.037000000000000005
1967-01,540.1318359375,15.887019026920001,34.95,1299.43,0.7056826,30.25129975695,23.225834823899998,0.0,1.0783,22.88937118618,0.0287
1966-12,540.1318359375,15.768157506800001,35.13,1581.22,0.7151622,30.57755645743,23.31136000367,0.0,1.0587,22.677994884559997,0.0298
1966-11,540.1318359375,16.21435734024,35.13,1581.22,0.7200123,31.284987462870003,23.21520992041,0.0,1.0311,22.18688504566,0.0311
1966-10,540.1318359375,16.07120568121,35.13,1581.22,0.7171464,31.126032065020002,23.33952878667,0.0,1.0529,22.33926313433,0.0337
1966-09,540.1318359375,15.32956243457,35.13,1581.22,0.6995097,31.23348880189,23.688285490220004,0.0,1.0529,22.257318231470002,0.0329
1966-08,540.1318359375,15.655697384520002,35.13,1581.22,0.7189101,31.31991351936,24.353253997849997,0.0,1.0,23.34708967144,0.0359
1966-07,540.1318359375,17.58233075814,35.13,1581.22,0.729051,30.44655428412,24.049444536210004,0.0,0.9669,23.44122051762,0.0379
1966-06,540.1318359375,18.24539463443,35.13,1581.22,0.7409557,29.07192800663,23.58209982219,0.0,0.9923,22.98211952111,0.037000000000000005
1966-05,540.1318359375,18.09715189861,35.13,1581.22,0.7652059,28.022945023080002,23.38892174017,0.0,1.043,24.02696137595,0.045
1966-04,540.1318359375,19.38033249966,35.13,1581.22,0.7605763000000001,28.330729919190002,23.46454096685,0.0,1.0714,24.312644600179997,0.0452
1966-03,540.1318359375,19.26664863479,35.13,1581.22,0.7438216,27.54443915025,23.26178643802,0.0,1.0673,23.702982426760002,0.0472
1966-02,540.1318359375,19.27249760255,35.13,1581.22,0.7577103000000001,27.465483596789998,23.19090188981,0.0,0.9641,23.718433789820004,0.0489
1966-01,540.1318359375,18.29481234472,35.13,1581.22,0.8015813,27.465497776939998,23.27136087525,0.0,0.9676,24.312535028570004,0.0531
1965-12,540.1318359375,17.5570391403,35.12,1265.41,0.7936449000000001,27.431431404679998,22.623343644429998,0.0,0.9420000000000001,24.507919035879997,0.0383
1965-11,540.1318359375,17.29589426931,35.12,1265.41,0.7568286,26.41769427245,22.46071764142,0.0,0.9094,23.53439627585,0.0377
1965-10,540.1318359375,16.996029157120002,35.12,1265.41,0.8073132,26.259341762589997,22.4628504527,0.0,0.9292,23.363925638460003,0.0428
1965-09,540.1318359375,16.60834316981,35.12,1265.41,0.7775516,26.82274197212,22.446414851679997,0.0,0.9132,23.036386723470002,0.039
1965-08,540.1318359375,15.9879710152,35.12,1265.41,0.7949676999999999,26.40721514354,22.19444804469,0.0,0.8942,22.69334865599,0.0377
1965-07,540.1318359375,15.600725628010002,35.12,1265.41,0.7162645000000001,26.411903827070002,22.56447716415,0.0,0.8807,21.29534892569,0.0408
1965-06,540.1318359375,16.522839416260002,35.12,1265.41,0.6130906,26.7753911546,22.67459644815,0.0,0.8618,21.080932269639998,0.0412
1965-05,540.1318359375,17.577524339649997,35.12,1265.41,0.48720979999999997,27.049020025529998,22.76455325034,0.0,0.8404,20.63588585574,0.0496
1965-04,540.1318359375,16.7697555723,35.12,1265.41,0.5469536,26.96434254186,22.97824412618,0.0,0.8527,21.298063194820003,0.0512
1965-03,540.1318359375,16.201465117879998,35.12,1265.41,0.5798017,27.143357721570002,22.91244092364,0.0,0.8514,21.699322923990003,0.0534
1965-02,540.1318359375,15.89270282815,35.12,1265.41,0.6371205,27.122215661810003,23.099609905220003,0.0,0.8519,23.205704939239997,0.0476
1965-01,540.1318359375,14.954288840079998,35.12,1265.41,0.6283022,27.42293464277,22.60446498739,0.0,0.8525,23.534867077090002,0.0513
1964-12,540.1318359375,16.413403378399998,35.1,1488.3,0.7636628000000001,27.562518341149996,22.929448759170004,0.0,0.8598,24.18165031317,0.0591
1964-11,529.10888671875,16.98313669864,35.1,1488.3,0.787913,27.33626145678,22.84230619534,0.0,0.8356,24.77307279086,0.0725
1964-10,529.10888671875,16.7484129624,35.1,1488.3,0.7738038,27.452127917920002,22.887264644200002,0.0,0.8444,24.594575761670004,0.0769
1964-09,529.10888671875,15.71608800344,35.1,1488.3,0.7898972,28.133922052609996,22.794759265339998,0.0,0.8179,24.69754749658,0.0783
1964-08,529.10888671875,14.82422433349,35.1,1488.3,0.8183361,27.96817392847,22.607499510609998,0.0,0.8995,24.81619147476,0.0933
1964-07,529.10888671875,14.131487226520003,35.1,1488.3,0.8183361,28.211674030549997,22.80420101744,0.0,0.9414,24.69545633739,0.1034
1964-06,529.10888671875,13.801984710420001,35.1,1488.3,0.8465545,27.65873873507,22.93091172467,0.0,0.8554,24.57744168249,0.1155
1964-05,529.10888671875,13.83807369596,35.1,1488.3,0.8284771000000001,27.951110919259996,23.33687843599,0.0,0.8708,24.37785937908,0.1545
1964-04,529.10888671875,13.906549625870001,35.1,1488.3,0.8161315,27.63977504238,23.51184006867,0.0,0.8289,24.195275276070003,0.1711
1964-03,524.69946289063,13.224044970769999,35.1,1488.3,0.7797561,27.178766816479996,23.43882485328,0.0,0.8157,24.598108073600002,0.1612
1964-02,507.06259155272994,12.742908459949998,35.1,1488.3,0.7211145,26.98331049435,23.643655164570003,0.0,0.7915,23.47900259757,0.1991
1964-01,507.06259155272994,12.512087269630001,35.1,1488.3,0.7008326,27.57159055338,24.143922771659998,0.0,0.7297,23.79073572571,0.231
1963-12,507.06259155272994,12.5593811796,35.09,1343.61,0.6521116,27.18234530058,23.74357008073,0.0,0.69,22.828446724379997,0.2262
1963-11,507.06259155272994,12.45958274849,35.09,1343.61,0.6318295,27.121553196199997,23.8864417925,0.0,0.6327,22.75207593975,0.2542
1963-10,507.06259155272994,12.429391257019999,35.09,1343.61,0.6258772,27.53663242375,23.873861015640003,0.0,0.6679999999999999,22.814735571729997,0.2304
1963-09,496.03948974609,12.27015542619,35.09,1343.61,0.6238931,27.73025198693,22.847578052129997,0.0,0.6967,22.434398385279998,0.1607
1963-08,496.03948974609,12.258600604709999,35.09,1343.61,0.6117679,27.35672855189,22.738454214910004,0.0,0.8333,22.035907364299998,0.1413
1963-07,496.03948974609,12.2421602404,35.09,1343.61,0.6157362,27.58093368362,23.3536315112,0.0,0.7562,22.11847988256,0.1975
1963-06,496.03948974609,12.25333774801,35.09,1343.61,0.6117679,27.248113593850004,23.55038340529,0.0,0.69,22.47526956704,0.2154
1963-05,496.03948974609,12.242195203469999,35.09,1343.61,0.6117679,27.31321166363,23.623766898779998,0.0,0.69,22.991458734749997,0.2191
1963-04,496.03948974609,12.22006590503,35.09,1343.61,0.6157362,27.56283839455,22.869860437070002,0.0,0.6504,22.58144520472,0.1647
1963-03,496.03948974609,12.194511402569999,35.09,1343.61,0.6157362,27.53300747283,22.528294961,0.0,0.5622,22.237049191929998,0.1431
1963-02,496.03948974609,12.179894054980002,35.09,1343.61,0.6137521,27.583259989179997,22.4751078266,0.0,0.5556,22.30348471704,0.1305
1963-01,496.03948974609,12.16853056786,35.09,1343.61,0.6521116,27.26691756795,22.2238798636,0.0,0.5710000000000001,22.189969277329997,0.1157
1962-12,496.03948974609,12.1771723152,35.23,1404.9,0.7169259,26.91521355986,21.84331993789,0.0,0.6019,22.06741640907,0.0882
1962-11,496.03948974609,12.18491977445,35.23,1404.9,0.6926757,27.748763324459997,21.87415232435,0.0,0.5886,21.707365092920003,0.0754
1962-10,496.03948974609,12.16681160284,35.23,1404.9,0.6946597,27.08657090795,21.385681676449998,0.0,0.6768,21.68500442117,0.0666
1962-09,496.03948974609,12.15108116365,35.23,1404.9,0.6946597,27.1146713881,21.647652548929997,0.0,0.8003,21.965912562379998,0.0626
1962-08,496.03948974609,12.15190303014,35.23,1404.9,0.6845187,27.25146052815,21.49761075918,0.0,0.7452,21.957097446760002,0.0646
1962-07,496.03948974609,12.16860262468,35.23,1404.9,0.6765823000000001,27.554486766700002,21.627276608080003,0.0,0.7562,21.88892677408,0.0621
1962-06,496.03948974609,12.18621751288,35.23,1404.9,0.6723935999999999,27.59265211354,21.701906431479998,0.0,0.7893,21.93549855945,0.0562
1962-05,496.03948974609,12.21166674667,35.23,1404.9,0.6723935999999999,27.817047214059997,21.802167503779998,0.0,0.7297,22.020646440809998,0.0553
1962-04,496.03948974609,12.2281482428,35.23,1404.9,0.6743777,26.34039716534,21.58895912088,0.0,0.6548,22.19795034027,0.0571
1962-03,496.03948974609,12.24024297952,35.23,1404.9,0.6704095,25.85857820047,21.55417788567,0.0,0.7055,22.019777924499998,0.0558
1962-02,504.85797119141,12.34006375846,35.23,1404.9,0.6684254,25.355883270089997,21.55825787718,0.0,0.7584,22.767195372,0.0498
1962-01,511.47183227539,12.36417133203,35.23,1404.9,0.6684254,25.183929927740003,21.46285148258,0.0,0.7628,22.350256758940002,0.0465
1961-12,511.47183227539,12.35462833869,35.25,1563.19,0.6664412,25.62656668144,21.743172096040002,0.0,0.7209,23.16345059659,0.0487
1961-11,511.47183227539,12.33664166474,35.25,1563.19,0.6704095,26.047942033880002,21.73199805628,0.0,0.6371,22.5391096687,0.0509
1961-10,511.47183227539,12.33736279461,35.25,1563.19,0.6723935999999999,25.20726073979,21.500444346270005,0.0,0.6746,22.32731865265,0.0527
1961-09,511.47183227539,12.36582055695,35.25,1563.19,0.6723935999999999,24.044248852660004,21.537992043499997,0.0,0.7055,22.41501064723,0.0542
1961-08,511.47183227539,12.397514508830001,35.25,1563.19,0.6684254,24.1780971896,21.7798357851,0.0,0.6945,22.599662732320002,0.0536
1961-07,511.47183227539,12.38065093088,35.25,1563.19,0.6684254,24.37712186191,21.999769449050003,0.0,0.6679999999999999,22.545241552620002,0.0609
1961-06,511.47183227539,12.47625119589,35.25,1563.19,0.6664412,23.770583660339998,22.13964667307,0.0,0.6768,22.683717642399998,0.0655
1961-05,511.47183227539,12.57207230911,35.25,1563.19,0.6622526,24.04272121527,22.51911722991,0.0,0.6371,22.62199055405,0.0703
1961-04,511.47183227539,12.38745672438,35.25,1563.19,0.6644572,23.504455575679998,22.60551800183,0.0,0.7099,22.12601364368,0.0668
1961-03,511.47183227539,12.328202610950001,35.25,1563.19,0.6684254,23.96546181027,22.35813248888,0.0,0.7826,22.48881684051,0.0626
1961-02,511.47183227539,12.28731576615,35.25,1563.19,0.6765823000000001,23.592297862509998,21.805875491589997,0.0,0.6393,22.93978652628,0.0626
1961-01,511.47183227539,12.211651933039999,35.25,1563.19,0.6765823000000001,23.56871187164,21.36609323595,0.0,0.6371,22.88503696991,0.0646
1960-12,511.47183227539,12.41253876037,35.27,1736.87,0.6968643,22.76087386355,21.250352078579997,0.0,0.6658,23.81160744351,0.0635
1960-11,511.47183227539,12.47306651316,35.27,1736.87,0.7089895,22.37999497784,20.89462707723,0.0,0.6349,24.50978361137,0.052000000000000005
1960-10,511.47183227539,12.3243050756,35.27,1736.87,0.7067849,23.23559951443,21.3560043507,0.0,0.7099,24.78954693224,0.0538
1960-09,511.47183227539,12.501876668940001,35.27,1736.87,0.7028166,24.14119560256,22.02544154428,0.0,0.8091,24.72137102334,0.0725
1960-08,511.47183227539,12.65077134211,35.27,1736.87,0.6988484,23.797315252969998,21.86827848536,0.0,0.7826,24.818332282100002,0.0741
1960-07,511.47183227539,12.805475327219998,35.27,1736.87,0.6906915,23.2803620563,21.82258307681,0.0,0.7474,24.85431399611,0.0728
1960-06,511.47183227539,12.7510781937,35.27,1736.87,0.6968643,23.43158795328,21.88368340613,0.0,0.7077,24.73979761097,0.0666
1960-05,511.47183227539,12.730653521099999,35.27,1736.87,0.6906915,23.851669635829996,22.19436975445,0.0,0.7562,24.835711249250004,0.0683
1960-04,511.47183227539,12.929570150450001,35.27,1736.87,0.6845187,23.49333163876,22.19122243479,0.0,0.8378,24.864911335469998,0.0681
1960-03,511.47183227539,12.72055899319,35.27,1736.87,0.6887074000000001,23.752909989960003,22.04396294535,0.0,0.7694,24.642086603449997,0.0683
1960-02,511.47183227539,12.9291469329,35.27,1736.87,0.6887074000000001,23.426982765170003,21.958425281009998,0.0,0.7121,25.1406604908,0.0679
1960-01,511.47183227539,12.89589240086,35.27,1736.87,0.6968643,23.57750535562,22.18732936737,0.0,0.7055,25.443301491139998,0.0666
